Date,Open,High,Low,Close,Adj Close,Volume
4/28/2017,13.5,13.94,10.7,11.1,11.1,11297800
5/1/2017,11.6,11.73,10.7,10.77,10.77,1291300
5/2/2017,10.95,10.95,10,10.1,10.1,991500
5/3/2017,10.18,10.18,8.18,8.72,8.72,3356500
5/4/2017,8.59,10.04,8.14,9.98,9.98,1840200
5/5/2017,10.15,11.05,9.75,10.92,10.92,1691900
5/8/2017,11.04,11.14,10.5,10.8,10.8,580000
5/9/2017,10.8,11.09,10.4,10.55,10.55,547400
5/10/2017,10.56,10.74,9.61,10.74,10.74,672600
5/11/2017,10.62,11.35,10.4,11,11,429200
5/12/2017,11.03,11.47,10.6,11.35,11.35,361700
5/15/2017,11.45,11.7,11.353,11.52,11.52,430200
5/16/2017,11.7,11.82,11.487,11.76,11.76,335500
5/17/2017,11.68,11.87,10.91,11.66,11.66,449900
5/18/2017,11.5,11.88,11.24,11.52,11.52,404800
5/19/2017,11.62,11.713,11.261,11.4,11.4,221300
5/22/2017,12.39,12.39,10.99,11.08,11.08,913000
5/23/2017,11.63,11.74,10.31,10.81,10.81,1054600
5/24/2017,11.07,11.59,10.83,10.91,10.91,721800
5/25/2017,11.05,11.08,10.58,10.65,10.65,437700
5/26/2017,10.73,10.878,10.49,10.73,10.73,612000
5/30/2017,10.79,10.875,10,10.18,10.18,651300
5/31/2017,10.18,10.435,9.39,10.05,10.05,927600
6/1/2017,10.04,10.3,9.03,9.33,9.33,745000
6/2/2017,9.33,9.6,9.26,9.53,9.53,652700
6/5/2017,9.57,9.72,8.845,9,9,630300
6/6/2017,9.24,9.81,9.06,9.53,9.53,1470000
6/7/2017,10.94,12.83,10.5,12.66,12.66,6085100
6/8/2017,13.12,14.5,12.86,13.2,13.2,3613400
6/9/2017,13.32,13.7,12.98,13.3,13.3,760600
6/12/2017,13.53,14.08,12.13,14,14,1351000
6/13/2017,14.33,15.49,14.06,15.11,15.11,833900
6/14/2017,15.39,16.837999,15.38,16.700001,16.700001,1466600
6/15/2017,16.41,17.940001,16.02,17.68,17.68,986300
6/16/2017,17.6,19.799999,17.6,19.309999,19.309999,2568700
6/19/2017,19.75,20.43,18.809999,19.540001,19.540001,1173200
6/20/2017,19.66,19.780001,18.370001,18.91,18.91,733900
6/21/2017,19.139999,20,19.139999,19.530001,19.530001,468900
6/22/2017,19.700001,22.799999,19.379999,21.139999,21.139999,1686400
6/23/2017,21.719999,21.719999,19.82,21.43,21.43,2735700
6/26/2017,21.5,23.700001,21.329,23.389999,23.389999,1252000
6/27/2017,23.59,23.59,21.75,22.17,22.17,994400
6/28/2017,22.07,22.275,20.360001,20.66,20.66,933200
6/29/2017,20.73,21.15,20.27,20.6,20.6,452800
6/30/2017,20.66,20.799999,20.200001,20.469999,20.469999,170800
7/3/2017,20.42,20.459999,18.934,19.209999,19.209999,292400
7/5/2017,19,21.5,18.629999,21.18,21.18,630900
7/6/2017,21.030001,21.07,19.290001,20.18,20.18,665000
7/7/2017,20.15,21.200001,19.6,21,21,491100
7/10/2017,21,22.25,20.33,21.99,21.99,603100
7/11/2017,22.01,22.1,20.629999,21.559999,21.559999,522600
7/12/2017,21.66,22.67,21.66,22.4,22.4,626300
7/13/2017,22.35,23.52,22.040001,22.98,22.98,801400
7/14/2017,22.98,23.129999,22.549999,22.93,22.93,215600
7/17/2017,23.209999,23.361,21.639999,21.799999,21.799999,394300
7/18/2017,21.620001,21.92,21.09,21.530001,21.530001,306500
7/19/2017,21.549999,22.4,21.299999,22.26,22.26,255900
7/20/2017,22.42,22.42,21.5,21.6,21.6,280800
7/21/2017,21.66,22.1,21.232,21.4,21.4,522100
7/24/2017,21.440001,21.75,20.030001,21.620001,21.620001,519400
7/25/2017,21.42,21.48,20.6,20.870001,20.870001,394800
7/26/2017,20.780001,21.379999,20.549999,21.35,21.35,252600
7/27/2017,21.190001,21.621,20.806,20.99,20.99,291000
7/28/2017,20.6,21.24,20.389999,20.41,20.41,223600
7/31/2017,20.25,20.25,18.950001,19.52,19.52,667800
8/1/2017,19.440001,19.636999,18.66,18.709999,18.709999,477200
8/2/2017,18.65,19.530001,18.530001,19.059999,19.059999,458700
8/3/2017,19.059999,19.159,16.879999,17.41,17.41,1071600
8/4/2017,17.200001,18.030001,16.200001,18.02,18.02,796300
8/7/2017,18.030001,19,17.76,18.57,18.57,460300
8/8/2017,18.75,19.85,18.559999,19.23,19.23,965100
8/9/2017,18.309999,18.98,16.5,18.09,18.09,1752700
8/10/2017,17.9,17.969999,16.700001,17.209999,17.209999,892200
8/11/2017,16.530001,17.65,16.25,16.33,16.33,800700
8/14/2017,16.370001,16.6,14.8,15.37,15.37,1472900
8/15/2017,15.31,15.54,14.38,14.79,14.79,1371000
8/16/2017,14.72,15.87,14.606,15.15,15.15,890400
8/17/2017,14.91,15.43,14.8,15.18,15.18,606700
8/18/2017,14.98,15.2,13.82,14.21,14.21,1894600
8/21/2017,13.88,14.73,13.44,14.62,14.62,874100
8/22/2017,14.45,15.6,14.26,15.51,15.51,671700
8/23/2017,15.38,18.040001,15.25,15.94,15.94,1576200
8/24/2017,16.08,16.527,15.54,15.92,15.92,1248400
8/25/2017,16.129999,16.440001,14.79,14.84,14.84,748400
8/28/2017,14.8,15.59,14.6,15.5,15.5,424000
8/29/2017,15.38,15.83,14.9,15.74,15.74,469500
8/30/2017,15.85,17.940001,15.55,17.530001,17.530001,1247200
8/31/2017,17.82,19.190001,17.66,17.85,17.85,1107400
9/1/2017,17.889999,17.889999,16.34,17.34,17.34,568900
9/5/2017,17.219999,17.379999,16.120001,16.74,16.74,422000
9/6/2017,16.85,17.9,16.639999,17.870001,17.870001,482300
9/7/2017,18.25,18.870001,18.190001,18.75,18.75,571900
9/8/2017,18.73,19.15,17.66,18.4,18.4,394000
9/11/2017,18.49,18.700001,17.75,18.43,18.43,316300
9/12/2017,18.34,19.360001,18.139999,18.52,18.52,424800
9/13/2017,18.49,19.049999,17.91,18.049999,18.049999,404200
9/14/2017,18,18.427999,17.639999,18.139999,18.139999,378000
9/15/2017,18.120001,18.528999,17.51,17.66,17.66,643200
9/18/2017,17.639999,17.959,16.299999,16.33,16.33,658700
9/19/2017,16.35,17.174999,16.1,16.690001,16.690001,305400
9/20/2017,16.74,17.74,16.51,17.59,17.59,655000
9/21/2017,17.41,17.889999,16.549999,16.809999,16.809999,464300
9/22/2017,15.87,16.709999,15.87,16.17,16.17,942200
9/25/2017,16.01,16.780001,16,16.5,16.5,544300
9/26/2017,16.389999,16.705,15.6,16.02,16.02,559200
9/27/2017,16.040001,16.25,15.36,15.5,15.5,375500
9/28/2017,15.5,15.715,14.55,14.9,14.9,706200
9/29/2017,14.91,15.125,14.14,14.68,14.68,794700
10/2/2017,14.89,15.88,14.66,15.65,15.65,697800
10/3/2017,15.75,15.99,15.32,15.43,15.43,690400
10/4/2017,15.45,15.63,14.62,15.38,15.38,679100
10/5/2017,15.38,15.94,15.14,15.45,15.45,325200
10/6/2017,15.31,15.71,15.17,15.26,15.26,328700
10/9/2017,15.22,15.505,14.56,14.81,14.81,293700
10/10/2017,14.75,14.9,13.86,13.9,13.9,662900
10/11/2017,13.89,14.26,13.58,14.25,14.25,448800
10/12/2017,14.11,14.11,13.66,14.01,14.01,237600
10/13/2017,13.86,14.41,13.82,14.02,14.02,214700
10/16/2017,14.02,14.35,13.75,14,14,336700
10/17/2017,13.9,14.325,13.801,13.99,13.99,271400
10/18/2017,13.88,14.29,13.88,13.99,13.99,277300
10/19/2017,13.9,14.15,13.38,13.46,13.46,581800
10/20/2017,13.48,13.61,12.95,13.34,13.34,789300
10/23/2017,13.34,13.369,12.75,13.03,13.03,329300
10/24/2017,12.94,13.65,12.86,13.64,13.64,389100
10/25/2017,13.53,13.86,12.95,13.03,13.03,492000
10/26/2017,12.97,13.59,12.53,12.65,12.65,477600
10/27/2017,12.61,12.95,12.5,12.76,12.76,235000
10/30/2017,12.61,12.785,12.17,12.5,12.5,247500
10/31/2017,12.43,14.59,12.43,14.18,14.18,1234000
11/1/2017,14.39,14.47,13.53,14.01,14.01,367600
11/2/2017,14,14.28,13.79,14,14,264800
11/3/2017,14.04,14.25,13.87,14.06,14.06,162200
11/6/2017,14.06,16.459999,14.06,16.360001,16.360001,779300
11/7/2017,16.42,16.469999,14.78,15.15,15.15,988800
11/8/2017,12.9,15.06,12.87,14.66,14.66,1405800
11/9/2017,14.58,14.62,13.75,13.86,13.86,471800
11/10/2017,13.6,14.3,13.58,14.19,14.19,289500
11/13/2017,14.13,15.3,13.91,15.03,15.03,424100
11/14/2017,15.01,15.57,14.62,15.13,15.13,572500
11/15/2017,14.98,15.17,14.69,14.95,14.95,307400
11/16/2017,15.08,15.47,14.93,15.4,15.4,416900
11/17/2017,15.4,15.76,15.27,15.5,15.5,529400
11/20/2017,15.66,15.71,14.632,14.94,14.94,313000
11/21/2017,15.04,15.56,14.267,14.67,14.67,365500
11/22/2017,14.69,15.46,14.525,15.32,15.32,253700
11/24/2017,15.52,15.56,15.2,15.43,15.43,113900
11/27/2017,15.4,15.849,15.4,15.74,15.74,228900
11/28/2017,15.51,16.690001,15.43,16.540001,16.540001,472500
11/29/2017,16.58,17.059999,15.36,15.59,15.59,439400
11/30/2017,15.76,16.74,15.62,16.209999,16.209999,740100
12/1/2017,16.1,18.719999,16.02,17.91,17.91,922900
12/4/2017,18.620001,20.91,18.34,20.209999,20.209999,1351700
12/5/2017,20.65,20.65,19.01,20.43,20.43,453000
12/6/2017,20.33,21.469999,20.26,20.549999,20.549999,648400
12/7/2017,20.5,22.540001,20.49,22.02,22.02,407800
12/8/2017,20.809999,21.809999,20,21.24,21.24,603600
12/11/2017,21.370001,21.370001,20.370001,20.67,20.67,324700
12/12/2017,20.75,21.66,20.67,21.299999,21.299999,268800
12/13/2017,21.25,23.450001,20.959999,22.08,22.08,702800
12/14/2017,22.02,23.67,22.02,23.24,23.24,409500
12/15/2017,23.51,24.889999,21.5,21.870001,21.870001,1279800
12/18/2017,22.35,22.58,21.09,21.530001,21.530001,420200
12/19/2017,21.610001,21.860001,20.1,20.280001,20.280001,656900
12/20/2017,20.24,21.389999,20.07,20.99,20.99,813200
12/21/2017,21.01,21.540001,21.01,21.23,21.23,511600
12/22/2017,21.25,21.440001,21.040001,21.25,21.25,339100
12/26/2017,21.25,21.709999,20.885,21.23,21.23,239400
12/27/2017,21.139999,21.200001,20.077999,20.280001,20.280001,262400
12/28/2017,20.15,20.25,19.459999,19.629999,19.629999,346200
12/29/2017,19.43,19.9,19.08,19.120001,19.120001,236600
1/2/2018,19.16,19.299999,18.219999,18.309999,18.309999,421800
1/3/2018,18.17,18.4,17.745001,18.370001,18.370001,720300
1/4/2018,18.24,18.934999,17.82,18.75,18.75,704100
1/5/2018,18.84,19.92,18.790001,19.709999,19.709999,578900
1/8/2018,19.700001,20.4,19.23,20.049999,20.049999,241000
1/9/2018,20.129999,20.219999,19.9,20.17,20.17,196700
1/10/2018,19.959999,21.059999,19.74,21.040001,21.040001,234900
1/11/2018,21.15,21.82,20.120001,20.57,20.57,297400
1/12/2018,20.57,21,20.49,20.950001,20.950001,165000
1/16/2018,20.950001,21.639999,20.325001,20.51,20.51,202300
1/17/2018,20.65,21.049999,20.155001,20.379999,20.379999,141500
1/18/2018,20.32,20.440001,19.76,20.24,20.24,162900
1/19/2018,20.18,20.965,20.145,20.860001,20.860001,199200
1/22/2018,20.85,21.35,20.190001,20.35,20.35,210600
1/23/2018,20.24,21.09,20.08,21.02,21.02,165000
1/24/2018,21.1,21.358,20.24,20.75,20.75,298500
1/25/2018,20.889999,20.889999,20.16,20.34,20.34,617900
1/26/2018,20.35,20.52,19.57,19.74,19.74,239200
1/29/2018,19.52,19.52,18.610001,18.809999,18.809999,276200
1/30/2018,18.73,19.1,18.51,19,19,196300
1/31/2018,19.15,19.68,18.969999,19.09,19.09,213000
2/1/2018,19,19.07,18.280001,18.49,18.49,182100
2/2/2018,18.299999,18.676001,18.041,18.299999,18.299999,153600
2/5/2018,18.1,18.389999,17.5,17.57,17.57,477200
2/6/2018,17.139999,18.51,16.860001,18.48,18.48,445200
2/7/2018,18.35,19.59,18.231001,18.49,18.49,536100
2/8/2018,18.559999,18.950001,17.6,17.66,17.66,586300
2/9/2018,17.84,18.17,16.58,18.1,18.1,420300
2/12/2018,18.209999,19.74,17.84,19.639999,19.639999,317400
2/13/2018,19.6,20.870001,19.346001,20.459999,20.459999,446200
2/14/2018,20.389999,21.48,19.879999,20.9,20.9,308500
2/15/2018,21.07,23.09,20.799999,21.860001,21.860001,452200
2/16/2018,21.940001,22.18,20.639999,21.42,21.42,276900
2/20/2018,21.15,21.780001,21.15,21.48,21.48,164600
2/21/2018,21.370001,21.6,20.08,20.629999,20.629999,264900
2/22/2018,20.629999,20.98,20.450001,20.98,20.98,106300
2/23/2018,21,21.679001,20.895,21.379999,21.379999,502400
2/26/2018,21.57,22.620001,21.511999,21.879999,21.879999,450000
2/27/2018,21.860001,22.1,20.6,20.719999,20.719999,337000
2/28/2018,20.879999,21.190001,19.98,20.040001,20.040001,526300
3/1/2018,20.17,20.275,19,19.129999,19.129999,755900
3/2/2018,19.02,19.257999,18.58,18.73,18.73,459700
3/5/2018,18.540001,18.865,17.91,18.629999,18.629999,707000
3/6/2018,18.809999,18.92,18.01,18.68,18.68,1077900
3/7/2018,16.249001,18.370001,16.02,17.459999,17.459999,2984100
3/8/2018,17.66,17.66,16.51,17.01,17.01,1047000
3/9/2018,18.24,18.620001,17.889999,18.030001,18.030001,707200
3/12/2018,18.049999,18.969999,18.037001,18.49,18.49,419500
3/13/2018,18.620001,18.9,18.290001,18.870001,18.870001,319200
3/14/2018,18.9,21.959999,18.9,21.24,21.24,1086700
3/15/2018,21.24,21.33,19.85,20.02,20.02,626300
3/16/2018,20.16,21.325001,20.120001,20.98,20.98,415800
3/19/2018,20.9,20.99,19.200001,20.370001,20.370001,429200
3/20/2018,20.07,20.48,19.610001,20.26,20.26,250000
3/21/2018,20.219999,21.74,20.07,20.85,20.85,431500
3/22/2018,20.57,21.48,20.451,20.93,20.93,328200
3/23/2018,21.049999,21.559,20.645,20.959999,20.959999,265400
3/26/2018,21.27,22.440001,21.01,22.33,22.33,358500
3/27/2018,22.41,23.200001,21.719999,22.27,22.27,797400
3/28/2018,22.25,22.780001,21.889999,22.610001,22.610001,414300
3/29/2018,22.74,23.5,22.68,22.93,22.93,328800
4/2/2018,22.889999,23.48,21.764,22.59,22.59,919400
4/3/2018,22.790001,22.91,22.365,22.709999,22.709999,467500
4/4/2018,22.33,22.709999,21.799999,22.379999,22.379999,377100
4/5/2018,22.620001,23.48,22.290001,23.32,23.32,289700
4/6/2018,23.02,23.587999,22.469999,22.91,22.91,209900
4/9/2018,23.129999,25.225,23.049999,23.74,23.74,659900
4/10/2018,24.049999,24.58,23.309,23.98,23.98,270600
4/11/2018,23.9,24.16,22.309999,22.68,22.68,494500
4/12/2018,22.76,23.74,22.643999,23.219999,23.219999,166100
4/13/2018,23.42,23.83,23.01,23.4,23.4,173900
4/16/2018,23.74,27.17,23.440001,27.030001,27.030001,1258100
4/17/2018,27.26,31.18,27.26,30.1,30.1,2191000
4/18/2018,30.34,31.35,29.1,29.780001,29.780001,953400
4/19/2018,29.549999,30.83,29.500999,29.690001,29.690001,453000
4/20/2018,29.76,30.120001,29,29.370001,29.370001,220300
4/23/2018,29.530001,30.863001,29.400999,29.959999,29.959999,506000
4/24/2018,28.120001,29.620001,27.82,28.08,28.08,1888200
4/25/2018,27.85,29.5,27.700001,29.26,29.26,1436900
4/26/2018,27.049999,28,26.76,27.48,27.48,5793200
4/27/2018,27.620001,27.958,27.129999,27.450001,27.450001,2205900
4/30/2018,27.719999,27.737,25.950001,26.209999,26.209999,1827400
5/1/2018,26.280001,27.25,25.719999,26.99,26.99,561000
5/2/2018,27.08,27.379999,26.23,26.700001,26.700001,797900
5/3/2018,26.549999,27.48,25.950001,26.18,26.18,633900
5/4/2018,26.209999,26.777,25.35,25.469999,25.469999,1165500
5/7/2018,25.5,25.82,24.76,25.24,25.24,1173600
5/8/2018,25,25.76,24.870001,24.969999,24.969999,968300
5/9/2018,24.91,25.26,24.030001,24.76,24.76,2251300
5/10/2018,29,29,26.75,26.780001,26.780001,3708600
5/11/2018,26.85,27.85,26.09,27.5,27.5,932000
5/14/2018,27.690001,28.5,27.15,27.18,27.18,1022100
5/15/2018,27.07,27.07,25.049999,26.469999,26.469999,1723900
5/16/2018,26.299999,27.719999,26.120001,26.77,26.77,810000
5/17/2018,26.629999,27.219999,26.15,26.780001,26.780001,686100
5/18/2018,26.719999,27.42,26.41,26.76,26.76,617800
5/21/2018,27,27.299,26.280001,26.719999,26.719999,503200
5/22/2018,26.950001,27.17,26.52,26.709999,26.709999,562800
5/23/2018,26.540001,27.639999,26.120001,26.18,26.18,819200
5/24/2018,26.18,26.5,25,25.76,25.76,885800
5/25/2018,25.82,26.42,25,25.1,25.1,973800
5/29/2018,24.98,27.639999,24.362,27.110001,27.110001,1216700
5/30/2018,27.42,28.667,26.849001,28.309999,28.309999,873000
5/31/2018,28.719999,29.219999,28.190001,28.85,28.85,903200
6/1/2018,28.889999,29.74,27.51,28.17,28.17,1048200
6/4/2018,28.16,29.77,28.055,29.73,29.73,940200
6/5/2018,29.67,31.940001,29.15,31.059999,31.059999,1311800
6/6/2018,31.16,33.290001,31.1,32.91,32.91,1214100
6/7/2018,32.93,35.43,32.919998,35.349998,35.349998,1594300
6/8/2018,35,36.549999,34.259998,36.040001,36.040001,1257500
6/11/2018,36.18,37.189999,35.939999,36.759998,36.759998,769800
6/12/2018,37.150002,39.48,36.921001,38.93,38.93,2168200
6/13/2018,38.93,39.48,35.880001,37.09,37.09,1276500
6/14/2018,37.369999,41.130001,37.323002,40.389999,40.389999,3375700
6/15/2018,40,44.119999,39.66,42.82,42.82,2093300
6/18/2018,42.32,45.209999,41.310001,43.189999,43.189999,1344000
6/19/2018,42.389999,44.310001,42.099998,43.68,43.68,1156600
6/20/2018,44.34,44.34,38.709999,38.720001,38.720001,2299300
6/21/2018,39,39.84,36.5,37.93,37.93,1321800
6/22/2018,38.450001,41.130001,38.32,40.360001,40.360001,1925600
6/25/2018,40,40.276001,38,39.68,39.68,765900
6/26/2018,39.849998,40.77,39.23,40.5,40.5,876000
6/27/2018,40.59,43.849998,40.549999,41.470001,41.470001,1159200
6/28/2018,41.110001,42.387001,40.73,41.790001,41.790001,609200
6/29/2018,42.16,43.330002,41.279999,41.599998,41.599998,898300
7/2/2018,41.259998,42.810001,39.810001,42.650002,42.650002,937900
7/3/2018,42.639999,43.169998,41.345001,41.73,41.73,506100
7/5/2018,42.09,45.5,41.439999,44.98,44.98,967300
7/6/2018,44.900002,47.360001,44.900002,47.169998,47.169998,1121600
7/9/2018,48.740002,49.869999,43.900002,44.82,44.82,1678300
7/10/2018,44.650002,44.889999,43.5,44.139999,44.139999,788900
7/11/2018,43.400002,44.630001,43.384998,43.970001,43.970001,609600
7/12/2018,44.32,46.009998,43.740002,45.560001,45.560001,697500
7/13/2018,45.919998,46.415001,43.828999,44.099998,44.099998,606500
7/16/2018,44.189999,45.400002,43.452999,45.169998,45.169998,560000
7/17/2018,45.130001,46.040001,44.299999,45.900002,45.900002,878900
7/18/2018,45.439999,47.080002,44.529999,46.830002,46.830002,750200
7/19/2018,46.580002,48,45.09,45.34,45.34,817700
7/20/2018,45.25,46.32,44.119999,44.189999,44.189999,480200
7/23/2018,44,44.449001,42.740002,43.360001,43.360001,438700
7/24/2018,43.93,44.889999,42.974998,43.830002,43.830002,439600
7/25/2018,43.689999,45.709999,43.311001,45.5,45.5,586500
7/26/2018,45.080002,45.77,44.900002,45.34,45.34,923300
7/27/2018,45.110001,45.189999,43.509998,44.209999,44.209999,517400
7/30/2018,44.119999,44.119999,40.130001,41.119999,41.119999,1125900
7/31/2018,41.169998,43.389999,40.200001,43,43,654100
8/1/2018,42.700001,44.150002,42.459999,43.740002,43.740002,683600
8/2/2018,43.830002,44.419998,43.099998,43.419998,43.419998,733000
8/3/2018,43.830002,45.880001,43.25,45.080002,45.080002,658400
8/6/2018,45.25,47.470001,44.77,46.900002,46.900002,1066200
8/7/2018,45.25,47.599998,45.25,47.150002,47.150002,1341300
8/8/2018,47.119999,49.200001,46.630001,47.060001,47.060001,2009300
8/9/2018,53.23,56.099998,48.700001,51.110001,51.110001,3799700
8/10/2018,50.810001,55.943001,50.367001,54.060001,54.060001,1511100
8/13/2018,54.060001,55.389999,53.297001,53.639999,53.639999,1022500
8/14/2018,53.849998,55.959999,53.299999,54.799999,54.799999,908400
8/15/2018,53.93,54.610001,52.400002,53.34,53.34,713500
8/16/2018,53.98,54.619999,52.91,54.380001,54.380001,628300
8/17/2018,54.669998,55.5,53.349998,55.419998,55.419998,688200
8/20/2018,55.860001,58.73,55.790001,58.529999,58.529999,1044400
8/21/2018,58.849998,60.450001,57.779999,58.380001,58.380001,1209700
8/22/2018,58,59.189999,57.060001,57.970001,57.970001,919500
8/23/2018,58.09,59.049999,56.080002,57.639999,57.639999,896800
8/24/2018,57.68,60.859001,57.68,60.080002,60.080002,1068700
8/27/2018,60.299999,62.889999,60.240002,62.389999,62.389999,1109700
8/28/2018,63,63.432999,62.040001,63.02,63.02,862900
8/29/2018,63.139999,63.75,61.5,63.040001,63.040001,634800
8/30/2018,62.860001,63.880001,61.849998,62.09,62.09,1007900
8/31/2018,61.84,64.800003,61.5,64.739998,64.739998,807100
9/4/2018,64.959999,67.540001,63.561001,67.339996,67.339996,1627400
9/5/2018,66.860001,67.980003,60.580002,62.150002,62.150002,1741300
9/6/2018,62.630001,63.5,58.009998,58.959999,58.959999,1175900
9/7/2018,58.259998,63.34,57.240002,61.5,61.5,1387200
9/10/2018,62.259998,68.339996,61.890999,68.279999,68.279999,1575100
9/11/2018,68.690002,71.239998,65.919998,70.82,70.82,1925100
9/12/2018,70.470001,72.589996,67,67.43,67.43,1604600
9/13/2018,66.290001,66.720001,59.700001,64.010002,64.010002,3383700
9/14/2018,62.490002,63.84,61.360001,63.43,63.43,1328300
9/17/2018,63.490002,63.490002,58.57,60.27,60.27,1999700
9/18/2018,60.119999,62.389999,58.550999,59.27,59.27,1288200
9/19/2018,60,60.91,58.529999,58.950001,58.950001,1191600
9/20/2018,59,61.749001,58.567001,60.049999,60.049999,1347000
9/21/2018,60,60.490002,58.580002,60.009998,60.009998,2020500
9/24/2018,59.5,59.599998,56.869999,59.540001,59.540001,1031600
9/25/2018,59.720001,60.959999,58.860001,59.330002,59.330002,1226000
9/26/2018,59.52,63.950001,59.52,61.150002,61.150002,1833000
9/27/2018,61.57,61.98,59,60,60,1276100
9/28/2018,59.73,60.849998,58.759998,59.09,59.09,797400
10/1/2018,59.810001,60.490002,57.099998,57.470001,57.470001,1267400
10/2/2018,58.23,59.75,52.369999,54.459999,54.459999,2038500
10/3/2018,54.459999,55.48,52.93,54.549999,54.549999,1330800
10/4/2018,54.490002,55.009998,51.549999,53.310001,53.310001,1634600
10/5/2018,52.639999,54.419998,51.130001,53.869999,53.869999,1428300
10/8/2018,53.220001,53.68,50.779999,52.66,52.66,1335800
10/9/2018,52.349998,54.790001,49.580002,51.240002,51.240002,1741900
10/10/2018,51.240002,51.240002,46.384998,46.57,46.57,2593200
10/11/2018,46,47.759998,43.849998,43.900002,43.900002,2783000
10/12/2018,45.43,48.349998,45.029999,46.900002,46.900002,2455600
10/15/2018,46.580002,46.580002,42.709999,43.650002,43.650002,2105000
10/16/2018,43.990002,45.880001,43.490002,45.650002,45.650002,1470300
10/17/2018,45.459999,45.551998,43.744999,44.830002,44.830002,949200
10/18/2018,44.720001,44.720001,40.639999,42.759998,42.759998,1402300
10/19/2018,43,44.115002,40.049999,40.169998,40.169998,1366300
10/22/2018,40.48,42.080002,40.48,41.59,41.59,1141800
10/23/2018,40.509998,42.549999,39.116001,41.630001,41.630001,1680400
10/24/2018,41.880001,42.450001,38.119999,38.540001,38.540001,1473000
10/25/2018,38.919998,41.27,38.919998,40.459999,40.459999,1018600
10/26/2018,39.220001,40.389999,38.25,38.720001,38.720001,1120200
10/29/2018,39.330002,40.43,37.009998,37.75,37.75,1280000
10/30/2018,36.810001,39.110001,35.009998,37.68,37.68,2449200
10/31/2018,39.110001,39.959999,38.369999,38.75,38.75,1942100
11/1/2018,39.200001,45.02,39.168999,44.389999,44.389999,2298000
11/2/2018,44.549999,46.759998,43.98,46.330002,46.330002,1695500
11/5/2018,46.16,46.689999,43.259998,46.439999,46.439999,1383600
11/6/2018,46.25,46.25,44.334999,45.049999,45.049999,1560300
11/7/2018,45.77,46.57,42.810001,46.169998,46.169998,2674000
11/8/2018,54.889999,54.98,49.240002,51.470001,51.470001,3636400
11/9/2018,49.939999,50.926998,47.57,48.900002,48.900002,1777000
11/12/2018,48.290001,49.200001,43.620998,44.009998,44.009998,1729300
11/13/2018,44.950001,46.150002,43,45.529999,45.529999,1471900
11/14/2018,45.990002,48.189999,44.970001,45.25,45.25,1348400
11/15/2018,45.669998,48.688999,43.779999,47.849998,47.849998,986900
11/16/2018,46.810001,48.939999,44.580002,46.040001,46.040001,1148800
11/19/2018,45.610001,46.029999,41.360001,42.380001,42.380001,1399400
11/20/2018,40.810001,42.660999,39.805,41.220001,41.220001,1571800
11/21/2018,41.77,43.860001,41,41.68,41.68,1141400
11/23/2018,41.459999,44.290001,41.330002,42.66,42.66,566000
11/26/2018,43.34,45.380001,42.450001,45.07,45.07,1000300
11/27/2018,45.720001,47.619999,45.16,46.029999,46.029999,846200
11/28/2018,46.459999,47.658001,44.325001,47.419998,47.419998,1891700
11/29/2018,47.939999,49.810001,45.615002,47.259998,47.259998,2355800
11/30/2018,46.990002,47.849998,42.900002,43.290001,43.290001,2011200
12/3/2018,44.07,44.830002,39.48,42.860001,42.860001,2267200
12/4/2018,39.27,40.240002,37.939999,38.400002,38.400002,4104700
12/6/2018,36.709999,38.580002,36.310001,38.580002,38.580002,2114800
12/7/2018,38.790001,39.040001,34.279999,35.709999,35.709999,2914700
12/10/2018,35.169998,36.389999,33.439999,35.470001,35.470001,1411800
12/11/2018,36.549999,37.400002,33.610001,33.82,33.82,3464400
12/12/2018,34.380001,36.970001,33.987999,35.759998,35.759998,2220600
12/13/2018,35.84,36.919998,33.439999,33.540001,33.540001,1432200
12/14/2018,33,33.855,31.82,32.150002,32.150002,1467500
12/17/2018,31.41,34.139999,30.65,32.77,32.77,1606300
12/18/2018,33.23,34.955002,32.950001,34.75,34.75,2088700
12/19/2018,34.700001,35.84,32.060001,32.560001,32.560001,2053600
12/20/2018,33.240002,33.900002,29.5,31.4,31.4,3391000
12/21/2018,31.09,31.360001,28.440001,29.84,29.84,2019900
12/24/2018,29.59,32.310001,28.93,30.809999,30.809999,991000
12/26/2018,30.82,34.099998,30.341,33.740002,33.740002,1717100
12/27/2018,32.470001,33.330002,31.110001,33.32,33.32,1275000
12/28/2018,33.59,33.821999,31.530001,31.790001,31.790001,1494500
12/31/2018,32.299999,33.650002,31.719999,32.709999,32.709999,1219200
1/2/2019,31.68,33.34,30.76,32.259998,32.259998,1397500
1/3/2019,31.75,31.860001,28.77,30.190001,30.190001,2111900
1/4/2019,31.219999,32.259998,30.389999,30.780001,30.780001,1432800
1/7/2019,31.059999,34.84,30.891001,33.169998,33.169998,2044200
1/8/2019,33.57,35.75,33.25,35.599998,35.599998,1908700
1/9/2019,35.57,37.119999,34.599998,34.970001,34.970001,1246500
1/10/2019,34.5,34.5,32.580002,34.150002,34.150002,1792300
1/11/2019,34.02,36.965,33.599998,36.799999,36.799999,1598200
1/14/2019,34.549999,35.5,33.59,35.5,35.5,3800000
1/15/2019,35.049999,35.779999,34.040001,35.560001,35.560001,2326300
1/16/2019,35.939999,37.400002,35.099998,35.369999,35.369999,1227700
1/17/2019,35.209999,36.439999,34.779999,35.810001,35.810001,1265300
1/18/2019,36.220001,37.27,36.16,36.91,36.91,1309800
1/22/2019,36.66,36.98,34.380001,35.650002,35.650002,1243100
1/23/2019,35.869999,37.139999,35.494999,37.040001,37.040001,1457200
1/24/2019,37.23,39.07,37.130001,38.400002,38.400002,1200500
1/25/2019,38.66,40.580002,38.400002,39.799999,39.799999,1382800
1/28/2019,39.299999,39.950001,38.299999,39.709999,39.709999,850300
1/29/2019,39.41,39.650002,37,37.060001,37.060001,1442400
1/30/2019,37.259998,38.119999,36.599998,37.310001,37.310001,1140800
1/31/2019,37.310001,38.75,36.965,37.150002,37.150002,1249300
2/1/2019,37.220001,37.439999,34.82,35.279999,35.279999,1617400
2/4/2019,35.25,36.439999,35.02,36.209999,36.209999,833700
2/5/2019,36.279999,36.560001,32.529999,34.369999,34.369999,3992300
2/6/2019,33.759998,34.060001,33.240002,33.41,33.41,1587700
2/7/2019,33.02,33.150002,31.42,33.02,33.02,1932300
2/8/2019,32.619999,32.755001,31.559999,32.18,32.18,1394400
2/11/2019,32.310001,32.775002,31.610001,31.98,31.98,2021100
2/12/2019,30.42,35.32,29.75,35.09,35.09,8569000
2/13/2019,34.880001,36.27,32.98,33.130001,33.130001,1897800
2/14/2019,32.939999,34.889999,32.421001,34.299999,34.299999,1084400
2/15/2019,34.16,35.810001,34.16,35.349998,35.349998,1156500
2/19/2019,35.43,37.91,35.43,36.73,36.73,1969500
2/20/2019,37,38,35.82,36.139999,36.139999,1163400
2/21/2019,36.200001,36.529999,34.310001,34.77,34.77,1164800
2/22/2019,34.73,38.09,34.73,38,38,1981500
2/25/2019,38.240002,39.73,37.837002,38.490002,38.490002,2366100
2/26/2019,38.389999,40.669998,38.099998,40.5,40.5,2834000
2/27/2019,40.189999,43.400002,39.139999,41.82,41.82,4424400
2/28/2019,45.07,45.959999,41.16,44.860001,44.860001,6683900
3/1/2019,45.09,45.5,43.400002,43.619999,43.619999,1826600
3/4/2019,43.57,44.360001,40.91,42.07,42.07,2062500
3/5/2019,42.689999,48.540001,42.009998,47.98,47.98,3492900
3/6/2019,47.939999,51.470001,47.400002,50.599998,50.599998,3033300
3/7/2019,50.009998,52.599998,48.630001,49.48,49.48,2424100
3/8/2019,48.73,50.52,48.27,49.599998,49.599998,1167700
3/11/2019,49.860001,53.459999,49.860001,52.139999,52.139999,2487800
3/12/2019,53.049999,56.389999,51.52,53.099998,53.099998,2702700
3/13/2019,53.689999,58.48,53.369999,55.970001,55.970001,3771400
3/14/2019,55.18,56.220001,54.610001,55.799999,55.799999,1898300
3/15/2019,55.779999,56.950001,55.279999,56.68,56.68,2476200
3/18/2019,56.830002,58.610001,54.529999,56.860001,56.860001,1905300
3/19/2019,57.619999,59,57.326,57.990002,57.990002,866300
3/20/2019,57.880001,59.778,56.77,57.970001,57.970001,1552400
3/21/2019,58,58.950001,57.099998,57.990002,57.990002,1509500
3/22/2019,58.27,58.27,54.41,55.619999,55.619999,1190500
3/25/2019,55.369999,57.25,54.810001,56.34,56.34,1077900
3/26/2019,57.5,59.599998,57.080002,57.990002,57.990002,2499800
3/27/2019,58,59.095001,56.630001,58.150002,58.150002,1713200
3/28/2019,58.5,59,56.459999,57.849998,57.849998,1452000
3/29/2019,57.889999,58.59,57.41,58.060001,58.060001,1468700
4/1/2019,58.740002,59.919998,57.639999,58.939999,58.939999,1511900
4/2/2019,58.939999,63.66,58.209999,62.82,62.82,2794500
4/3/2019,61.5,63.66,60.009998,62,62,1728900
4/4/2019,62.060001,63,59.035,59.939999,59.939999,1406000
4/5/2019,60.130001,61.049999,57.900002,60.509998,60.509998,898000
4/8/2019,60.32,60.610001,58.049999,58.799999,58.799999,824900
4/9/2019,58.259998,60.91,58.245998,60.09,60.09,810000
4/10/2019,60.080002,62.959999,60.080002,62.950001,62.950001,997600
4/11/2019,62.939999,63.889999,62.419998,63.549999,63.549999,1131800
4/12/2019,64.470001,66.410004,63.09,66,66,1122200
4/15/2019,65.860001,66.236,62.34,64.379997,64.379997,1804700
4/16/2019,64.07,65.710999,62.580002,64.599998,64.599998,934300
4/17/2019,64.970001,64.970001,61.240002,63.200001,63.200001,945300
4/18/2019,63.209999,63.330002,61.134998,62.98,62.98,650600
4/22/2019,62.59,66.25,61.849998,65.400002,65.400002,1359300
4/23/2019,65.980003,67.209999,65.410004,66.589996,66.589996,1344200
4/24/2019,66.790001,67.410004,64.07,66.540001,66.540001,877300
4/25/2019,66.139999,67.134003,65.014999,66.040001,66.040001,679900
4/26/2019,66.660004,70,66.150002,69.580002,69.580002,1222900
4/29/2019,70,70.790001,68.5,70.370003,70.370003,1515800
4/30/2019,70.540001,73.599998,69.5,71.559998,71.559998,1491000
5/1/2019,71.720001,72.040001,69.25,70.690002,70.690002,1307000
5/2/2019,70.730003,71.300003,68.447998,70.440002,70.440002,791400
5/3/2019,70.5,72.470001,70.306,72.18,72.18,883400
5/6/2019,69.959999,72.75,69.599998,72.040001,72.040001,1036800
5/7/2019,72,74.165001,70.239998,71.040001,71.040001,1101400
5/8/2019,70.620003,73.870003,70.5,71.650002,71.650002,1802100
5/9/2019,72.099998,76.849998,67.139999,75.230003,75.230003,3115200
5/10/2019,74.410004,74.5,64.760002,66.760002,66.760002,3246200
5/13/2019,64.650002,65.610001,60.950001,62.240002,62.240002,3026900
5/14/2019,62.549999,66.099998,61.330002,65.68,65.68,1191100
5/15/2019,64.779999,65.839996,63,65.480003,65.480003,1087300
5/16/2019,66.040001,69.699997,66.040001,69.339996,69.339996,1536100
5/17/2019,67.940002,69.139999,66.324997,68.129997,68.129997,923900
5/20/2019,67.559998,67.910004,65.509003,67.18,67.18,980500
5/21/2019,65.25,69.489998,65.25,67.029999,67.029999,1808900
5/22/2019,65.349998,66.239998,64.800003,65.110001,65.110001,4734700
5/23/2019,64.699997,65.349998,62.27,63.279999,63.279999,2057100
5/24/2019,63.400002,64.209,58.52,59.389999,59.389999,2387200
5/28/2019,59.23,61.185001,59.23,60.139999,60.139999,2098400
5/29/2019,59.57,59.57,56.48,57.959999,57.959999,1786000
5/30/2019,58.330002,59.459999,58.169998,58.75,58.75,933500
5/31/2019,57.689999,59.400002,56.580002,57.880001,57.880001,1391100
6/3/2019,57.5,59,55.880001,58.32,58.32,1099800
6/4/2019,59.549999,61.34,59.18,61.299999,61.299999,1194100
6/5/2019,62.099998,62.099998,57.959999,59.669998,59.669998,1213200
6/6/2019,59.470001,60.18,56.790001,60.099998,60.099998,1113200
6/7/2019,61,64.82,60.935001,63.200001,63.200001,1476500
6/10/2019,63.580002,64.18,61.25,61.34,61.34,1235800
6/11/2019,62.119999,62.900002,60.07,61.279999,61.279999,890300
6/12/2019,61.139999,61.939999,60.5,61.25,61.25,765000
6/13/2019,61.790001,62.990002,61.445,61.779999,61.779999,723100
6/14/2019,61.779999,62.285,59.450001,59.98,59.98,690900
6/17/2019,60,64.650002,59.900002,63.639999,63.639999,1273700
6/18/2019,64.739998,69.249001,64.739998,65.970001,65.970001,1941700
6/19/2019,65.550003,66.272003,60.720001,63.5,63.5,1917000
6/20/2019,65,67.620003,64.209999,66.900002,66.900002,1323900
6/21/2019,66.910004,67.540001,66.058998,67.050003,67.050003,944000
6/24/2019,66.739998,67.195,61.450001,61.48,61.48,2320700
6/25/2019,62.52,63.389999,59.369999,60.310001,60.310001,1388700
6/26/2019,60.939999,61.669998,58.900002,59.07,59.07,958200
6/27/2019,59.459999,62.279999,59.459999,61.98,61.98,893400
6/28/2019,61.990002,63.470001,61.599998,62.59,62.59,4044300
7/1/2019,63.740002,65.900002,62.174999,65.610001,65.610001,1359900
7/2/2019,66.330002,67.223,64.18,64.699997,64.699997,929500
7/3/2019,64.739998,65.109001,63.07,64.169998,64.169998,512000
7/5/2019,63.650002,66.07,63.375999,65.790001,65.790001,560300
7/8/2019,65.370003,67.18,65.019997,66.610001,66.610001,1028700
7/9/2019,66.410004,67.830002,65.339996,66.120003,66.120003,1107200
7/10/2019,66.980003,68.120003,66.776001,67.650002,67.650002,2116200
7/11/2019,67.440002,67.650002,64.019997,64.589996,64.589996,1941400
7/12/2019,64.599998,68.080002,64.599998,67.309998,67.309998,908600
7/15/2019,67.300003,67.779999,65.449997,65.900002,65.900002,1159200
7/16/2019,65.730003,66.5,61.09,62.009998,62.009998,1991600
7/17/2019,62.119999,62.599998,60.450001,60.919998,60.919998,1523000
7/18/2019,60.380001,60.450001,58.756001,59.639999,59.639999,1357600
7/19/2019,59.639999,60.630001,57.810001,57.91,57.91,1448200
7/22/2019,58.240002,59.349998,57.403,58.450001,58.450001,1106700
7/23/2019,58.84,62.709999,58.84,62.630001,62.630001,1651700
7/24/2019,62.450001,65.650002,62.299999,65.160004,65.160004,1868800
7/25/2019,64.730003,65.870003,64.099998,65.629997,65.629997,1378600
7/26/2019,65.949997,67.790001,63.209999,66.449997,66.449997,1184900
7/29/2019,65.980003,66.305,63.529999,65.540001,65.540001,864500
7/30/2019,64.730003,64.785004,61.900002,62.34,62.34,1589800
7/31/2019,62.310001,64.75,62.02,63.560001,63.560001,1157600
8/1/2019,63.459999,65.650002,62.32,62.810001,62.810001,924900
8/2/2019,62.41,62.790001,59.919998,62.389999,62.389999,1108100
8/5/2019,60.16,61.459999,59.305,60.970001,60.970001,1020200
8/6/2019,61.830002,62.970001,57.889999,59.779999,59.779999,2106300
8/7/2019,59.110001,59.299999,57.200001,57.91,57.91,2386800
8/8/2019,71.190002,73.5,67.669998,72.470001,72.470001,7740400
8/9/2019,71.870003,79.25,71.760002,78.099998,78.099998,3737300
8/12/2019,77.260002,79.949997,76.489998,78.379997,78.379997,2315700
8/13/2019,77.639999,81.279999,77.639999,80.43,80.43,2566800
8/14/2019,78.010002,81.370003,77.809998,78.889999,78.889999,2111000
8/15/2019,79,79.533997,77.559998,78.919998,78.919998,1321200
8/16/2019,79.620003,80.690002,78.940002,79.449997,79.449997,1696800
8/19/2019,80.5,80.660004,74.760002,77.150002,77.150002,1774400
8/20/2019,76.709999,77.239998,75.029999,76.620003,76.620003,1280500
8/21/2019,77.43,83.769997,77.260002,83.089996,83.089996,2861200
8/22/2019,83.129997,83.379997,79.599998,79.919998,79.919998,1499700
8/23/2019,79.699997,81.839996,78.160004,78.599998,78.599998,1646800
8/26/2019,79.949997,81.199997,77.349998,80.940002,80.940002,1194300
8/27/2019,82.07,84.598,79.739998,80.150002,80.150002,953500
8/28/2019,80.25,82.75,78.635002,81.959999,81.959999,991800
8/29/2019,82.989998,83.540001,81.410004,82.459999,82.459999,1107100
8/30/2019,83.110001,83.110001,79.370003,81.160004,81.160004,922400
9/3/2019,79.959999,82.800003,78.5,79.620003,79.620003,1229800
9/4/2019,80.790001,83.440002,80.400002,81.779999,81.779999,1195000
9/5/2019,82.510002,85.029999,82.510002,84.610001,84.610001,1403100
9/6/2019,84.610001,84.919998,83.389999,83.610001,83.610001,1410600
9/9/2019,84.150002,85.07,81.300003,83,83,1427900
9/10/2019,82.360001,82.440002,76.129997,77.510002,77.510002,2682800
9/11/2019,77.599998,79.040001,76.190002,77.970001,77.970001,1210000
9/12/2019,79.540001,81.510002,78.449997,80.410004,80.410004,929500
9/13/2019,79.919998,81.379997,78.650002,80.279999,80.279999,719300
9/16/2019,79.559998,81.860001,77.940002,81.529999,81.529999,823200
9/17/2019,81.379997,82.150002,79.639999,80.860001,80.860001,840700
9/18/2019,81.25,81.550003,72.760002,77.410004,77.410004,2798100
9/19/2019,77.360001,78.900002,75.410004,76.559998,76.559998,1262500
9/20/2019,76.809998,78.099998,74.769997,75.510002,75.510002,3073500
9/23/2019,75.019997,75.900002,73.540001,74.639999,74.639999,1167300
9/24/2019,74.720001,74.849998,69.610001,70.459999,70.459999,2483400
9/25/2019,69.970001,71.009003,68.32,70.519997,70.519997,1602500
9/26/2019,70.080002,70.350998,67.18,68.309998,68.309998,1816000
9/27/2019,68.209999,68.925003,64.800003,66.080002,66.080002,1834500
9/30/2019,65.779999,66.269997,63.400002,66,66,2095300
10/1/2019,66.099998,68.129997,65,67.040001,67.040001,2566500
10/2/2019,66.080002,66.080002,63.110001,64.220001,64.220001,2295500
10/3/2019,64.209999,67.519997,63.450001,67.279999,67.279999,1514800
10/4/2019,67.75,68.279999,65.43,67.809998,67.809998,1162700
10/7/2019,67.279999,67.720001,65.970001,66.129997,66.129997,1420500
10/8/2019,65.010002,67.459999,64.449997,66.389999,66.389999,1006200
10/9/2019,67.5,69.949997,66.879997,69.139999,69.139999,793200
10/10/2019,69.269997,69.589996,68.120003,69.260002,69.260002,1003000
10/11/2019,70.650002,73.75,70.43,72.260002,72.260002,1624200
10/14/2019,72.260002,74.550003,71.788002,74.349998,74.349998,1186800
10/15/2019,74.879997,78.839996,74.800003,77.830002,77.830002,2128200
10/16/2019,77.290001,77.440002,75.980003,76.550003,76.550003,1108000
10/17/2019,76.82,77.763,75.93,77.110001,77.110001,1304100
10/18/2019,76.800003,77.57,73.510002,73.849998,73.849998,2432300
10/21/2019,74.720001,77.43,74.720001,77.260002,77.260002,1116000
10/22/2019,77.57,79.300003,75.620003,75.800003,75.800003,1665500
10/23/2019,75.5,77.169998,74.629997,76.959999,76.959999,658900
10/24/2019,77.519997,79.639999,77.519997,78.519997,78.519997,1124800
10/25/2019,78.059998,80.370003,78.029999,79.230003,79.230003,695300
10/28/2019,79.849998,84,79.849998,82.769997,82.769997,1776500
10/29/2019,82.760002,85.970001,82.650002,84.690002,84.690002,2038800
10/30/2019,84.620003,84.690002,81.360001,82.480003,82.480003,1063400
10/31/2019,82.360001,82.519997,80.230003,81.080002,81.080002,637500
11/1/2019,82.330002,84.190002,81.860001,82.730003,82.730003,1141000
11/4/2019,82.870003,83.650002,81.519997,82.980003,82.980003,1426400
11/5/2019,83.699997,83.75,79.760002,81.519997,81.519997,1458300
11/6/2019,81.32,81.719002,78.5,79.080002,79.080002,2002000
11/7/2019,74.129997,78.18,70.860001,73.120003,73.120003,5095100
11/8/2019,73.010002,78.230003,72.389999,77.959999,77.959999,1734400
11/11/2019,77.019997,77.550003,74.160004,77.489998,77.489998,1507100
11/12/2019,77.830002,80.68,77.209999,78.199997,78.199997,1667100
11/13/2019,77.610001,78.080002,74.855003,75.190002,75.190002,1263900
11/14/2019,74.959999,78.330002,74.959999,78,78,1139400
11/15/2019,78.889999,81.629997,77.629997,81.57,81.57,1337600
11/18/2019,81.309998,85.596001,80.519997,84.830002,84.830002,1964200
11/19/2019,84.529999,88.529999,84.400002,88.339996,88.339996,1683800
11/20/2019,88.5,90.230003,87.050003,88.980003,88.980003,2141400
11/21/2019,89.720001,90.099998,88.660004,89.190002,89.190002,1410600
11/22/2019,89.199997,91.095001,88.910004,89.779999,89.779999,1472100
11/25/2019,90.309998,91.610001,89.839996,91.059998,91.059998,1268200
11/26/2019,91.419998,94.849998,91.373001,92.839996,92.839996,1785100
11/27/2019,93.470001,95,92.75,94.980003,94.980003,835400
11/29/2019,94.43,96.440002,94.290001,95.32,95.32,381400
12/2/2019,95.989998,96.290001,90.889999,92,92,1849300
12/3/2019,90,92.480003,89.400002,91.959999,91.959999,1296700
12/4/2019,92.75,93.730003,91.639999,92.360001,92.360001,1122100
12/5/2019,92.660004,93.220001,87.714996,87.910004,87.910004,1280200
12/6/2019,89.32,90,86.290001,86.419998,86.419998,1140400
12/9/2019,86,89.970001,84.889999,89.330002,89.330002,1777000
12/10/2019,88.629997,92.129997,87.199997,92.080002,92.080002,1247300
12/11/2019,92.080002,94.849998,91.559998,94.75,94.75,1033700
12/12/2019,94.519997,97.059998,94.07,97,97,2405300
12/13/2019,96.580002,96.830002,90.32,91.889999,91.889999,1542900
12/16/2019,92.5,95.980003,92,95.419998,95.419998,1017400
12/17/2019,95,95.269997,91.089996,94.68,94.68,864700
12/18/2019,94.959999,95.660004,92.919998,93.370003,93.370003,678200
12/19/2019,95.989998,99.190002,94.110001,96.269997,96.269997,2078600
12/20/2019,97.25,97.25,94.150002,95.910004,95.910004,1478500
12/23/2019,96.370003,97.339996,94.349998,95.230003,95.230003,779800
12/24/2019,94.989998,96.379997,94.400002,96.379997,96.379997,257100
12/26/2019,96.860001,98.660004,96.120003,98.440002,98.440002,895900
12/27/2019,98.669998,98.669998,96.573997,97.82,97.82,1504600
12/30/2019,97.400002,97.43,92.099998,92.279999,92.279999,1121900
12/31/2019,91.790001,92.419998,90.709999,92.050003,92.050003,1055500
1/2/2020,93.209999,96.980003,92.510002,96.949997,96.949997,1221300
1/3/2020,95.620003,97.129997,92.334999,92.75,92.75,984400
1/6/2020,91.440002,93.129997,90.879997,92.339996,92.339996,834900
1/7/2020,93.019997,93.019997,90.769997,90.910004,90.910004,733500
1/8/2020,90.75,91.157997,88.440002,89.129997,89.129997,1471600
1/9/2020,89.370003,89.769997,85.489998,86.57,86.57,1494300
1/10/2020,86.809998,88.209999,85.760002,87.610001,87.610001,1870400
1/13/2020,88.480003,93.849998,87.610001,92.870003,92.870003,2515300
1/14/2020,92.139999,92.190002,84.059998,86.019997,86.019997,4238200
1/15/2020,85.760002,86.849998,83.410004,86.769997,86.769997,1520500
1/16/2020,87.440002,88.077003,86.235001,87.209999,87.209999,2240600
1/17/2020,87.690002,87.910004,84,84,84,1341500
1/21/2020,83.5,84.120003,81.879997,83.529999,83.529999,2404000
1/22/2020,83.910004,85.32,82.629997,83.720001,83.720001,1162600
1/23/2020,83.209999,83.699997,81.800003,82.940002,82.940002,612900
1/24/2020,83.389999,84.040001,81.779999,83.110001,83.110001,641300
1/27/2020,80.110001,85.150002,80.110001,84.699997,84.699997,1379900
1/28/2020,85.379997,85.650002,83.43,84.940002,84.940002,1174100
1/29/2020,85.5,86.400002,81.620003,81.75,81.75,1271900
1/30/2020,80.550003,80.860001,78.589996,79.879997,79.879997,2313900
1/31/2020,80.050003,80.050003,76.800003,79.25,79.25,1571400
2/3/2020,80.220001,86.309998,79.870003,86.25,86.25,2337600
2/4/2020,87.279999,91.899002,86.620003,91.300003,91.300003,2340700
2/5/2020,92.459999,92.459999,84.839996,89.75,89.75,2031000
2/6/2020,90.099998,93.32,89.389999,91.059998,91.059998,1143000
2/7/2020,90.050003,90.370003,87.910004,88.860001,88.860001,951000
2/10/2020,88.370003,90.809998,87.720001,89.440002,89.440002,1685600
2/11/2020,89.790001,90.239998,84.239998,85.800003,85.800003,1524500
2/12/2020,86.610001,87.43,85.074997,86.650002,86.650002,961400
2/13/2020,86,88.059998,85.580002,87.400002,87.400002,802000
2/14/2020,87.540001,89.110001,87.089996,88.620003,88.620003,674600
2/18/2020,88,94.589996,88,94.309998,94.309998,2140400
2/19/2020,95.099998,109.489998,93.945999,106.779999,106.779999,3884300
2/20/2020,106.449997,115.230003,104.5,108.809998,108.809998,3214800
2/21/2020,109.110001,111.245003,106.099998,110.089996,110.089996,1185700
2/24/2020,104.889999,108.379997,104.620003,107.099998,107.099998,1609900
2/25/2020,108.410004,109.084999,103.091003,104.040001,104.040001,1319600
2/26/2020,103.309998,105.410004,100.279999,101.559998,101.559998,2596500
2/27/2020,88.400002,92.75,81.099998,88.769997,88.769997,6717600
2/28/2020,84.059998,85.010002,78.660004,82.910004,82.910004,4135800
3/2/2020,83.370003,86.181,79,82.360001,82.360001,2541900
3/3/2020,82.650002,83.199997,77.389999,80.050003,80.050003,3139100
3/4/2020,81.910004,82.550003,78.440002,82.449997,82.449997,1866800
3/5/2020,80.190002,81.599998,73.489998,74.550003,74.550003,3611200
3/6/2020,70.860001,71.519997,64.309998,66.019997,66.019997,4383100
3/9/2020,58.93,59.959999,55.84,58.189999,58.189999,4655600
3/10/2020,61.060001,63.119999,55.450001,62.77,62.77,3654500
3/11/2020,60.540001,62.150002,54.709999,56.59,56.59,2697400
3/12/2020,50.52,53.18,44.549999,45.130001,45.130001,4174100
3/13/2020,51.48,51.48,41.119999,50.919998,50.919998,3948200
3/16/2020,40.43,43.779999,36.709999,39.18,39.18,4508000
3/17/2020,40.599998,43,32.869999,40.610001,40.610001,6435200
3/18/2020,35.889999,36.619999,22.910999,29.91,29.91,5928800
3/19/2020,26.559999,31.969999,22.16,30.01,30.01,8005300
3/20/2020,31.780001,38.259998,28.540001,29.35,29.35,7899200
3/23/2020,28.68,36.860001,26.35,35.799999,35.799999,6534200
3/24/2020,39.93,56.669998,39.895,51.209999,51.209999,7069600
3/25/2020,53.169998,66.360001,52.23,62.509998,62.509998,8467600
3/26/2020,62.380001,64,53.849998,56.549999,56.549999,5451600
3/27/2020,52.060001,52.919998,47.52,49.040001,49.040001,3176300
3/30/2020,58,59.990002,49.630001,52.380001,52.380001,6248300
3/31/2020,51.470001,57.5,51.470001,55.09,55.09,4618700
4/1/2020,50.470001,52.68,48.32,50.560001,50.560001,2500400
4/2/2020,49.02,49.990002,45.009998,46.610001,46.610001,3114100
4/3/2020,45.330002,50.409,44.000999,45.91,45.91,3034200
4/6/2020,50.990002,54.689999,47.59,52.830002,52.830002,4343500
4/7/2020,57.599998,61.509998,53.209999,55.529999,55.529999,4841600
4/8/2020,57.029999,60.25,53.419998,58.48,58.48,3095900
4/9/2020,62.360001,70.830002,60.009998,61.349998,61.349998,6568800
4/13/2020,62.060001,75.959999,58.040001,75.279999,75.279999,5442400
4/14/2020,78,86.459999,76.550003,84.080002,84.080002,6223900
4/15/2020,77.489998,79,70.775002,71.339996,71.339996,5648200
4/16/2020,72.339996,74.489998,68.970001,71.220001,71.220001,2631100
4/17/2020,74.949997,78.989998,73.320999,78.059998,78.059998,3954900
4/20/2020,73.940002,82.25,73.800003,80.300003,80.300003,2969600
4/21/2020,80,87.970001,78.559998,85.580002,85.580002,4097000
4/22/2020,86.120003,88.68,81.580002,82.669998,82.669998,1986500
4/23/2020,83.360001,90.709999,83.190002,87.809998,87.809998,3130500
4/24/2020,88.519997,94.110001,86.050003,92.239998,92.239998,2259600
4/27/2020,93.779999,95.839996,89.510002,90.309998,90.309998,2212400
4/28/2020,94.260002,94.260002,82.550003,82.959999,82.959999,4114600
4/29/2020,87.660004,87.669998,83.790001,84.889999,84.889999,2282600
4/30/2020,83.370003,85.910004,79.650002,80.110001,80.110001,2404900
5/1/2020,77.970001,78.400002,71.720001,76,76,2770400
5/4/2020,73.260002,80.089996,71.559998,80.010002,80.010002,2410300
5/5/2020,82,88.18,80.209999,86,86,3137400
5/6/2020,86.5,92.449997,85.110001,91.150002,91.150002,4269300
5/7/2020,85.959999,101.089996,81.93,97.669998,97.669998,5073000
5/8/2020,96.610001,109.300003,95.669998,100.089996,100.089996,4389400
5/11/2020,99,101.879997,97.370003,100.669998,100.669998,3301400
5/12/2020,102.650002,102.839996,93.339996,93.720001,93.720001,1907200
5/13/2020,94.739998,97.449997,88.139999,89.900002,89.900002,2321800
5/14/2020,88.010002,91.970001,83.099998,89.550003,89.550003,2707600
5/15/2020,87.940002,93.029999,87.540001,92.660004,92.660004,1573900
5/18/2020,97.849998,101.650002,97,98.589996,98.589996,2090200
5/19/2020,90.720001,92.25,88.040001,88.910004,88.910004,7114000
5/20/2020,91,92.480003,86.529999,91.110001,91.110001,2045300
5/21/2020,91.540001,96.199997,90.25,94.739998,94.739998,1789000
5/22/2020,94.400002,96.970001,92.599998,96.449997,96.449997,1318800
5/26/2020,100.75,103.489998,98.903,99.190002,99.190002,1701100
5/27/2020,100.18,100.989998,92.309998,96.139999,96.139999,2265800
5/28/2020,95.800003,96.050003,91.510002,93.290001,93.290001,1622100
5/29/2020,93.519997,95.514,90.550003,92.980003,92.980003,2120300
6/1/2020,92.529999,94.839996,91.529999,91.849998,91.849998,1429600
6/2/2020,93.379997,110.5,92.970001,109.120003,109.120003,7148100
6/3/2020,108.379997,112.400002,106.120003,107.389999,107.389999,2765600
6/4/2020,106.110001,110.010002,99.150002,102,102,2578000
6/5/2020,107,116.692001,106.010002,115.870003,115.870003,3924300
6/8/2020,117.934998,118.639999,108.75,113.639999,113.639999,2524700
6/9/2020,111.010002,117.603996,110.019997,113.550003,113.550003,1504700
6/10/2020,116.389999,122.690002,113.169998,118.800003,118.800003,2669700
6/11/2020,112.349998,115.260002,106.559998,107.260002,107.260002,2062100
6/12/2020,113,115.540001,107.839996,111.209999,111.209999,1766700
6/15/2020,107.559998,115.32,106.139999,114.32,114.32,1135300
6/16/2020,121.650002,122.084999,114.504997,118.029999,118.029999,1273700
6/17/2020,118,121.297997,117.080002,118.959999,118.959999,1063300
6/18/2020,117.82,123.389,117.708,122.980003,122.980003,1407000
6/19/2020,124.940002,127.379997,123.290001,126.120003,126.120003,2569700
6/22/2020,125.739998,129.320007,125.120003,127.389999,127.389999,1661400
6/23/2020,128.770004,131.860001,126.805,127.610001,127.610001,1543200
6/24/2020,126,127.260002,111.809998,112.25,112.25,3224400
6/25/2020,112.099998,119.610001,110.059998,117.160004,117.160004,2665800
6/26/2020,118.260002,121.510002,116.690002,117.410004,117.410004,2187300
6/29/2020,118.330002,121.690002,115.230003,120.370003,120.370003,1242000
6/30/2020,119.360001,121.339996,118.639999,120.199997,120.199997,1134500
7/1/2020,119.589996,126.989998,119.379997,125.379997,125.379997,1588800
7/2/2020,128.889999,132.550003,127.830002,128.529999,128.529999,1722800
7/6/2020,133.354004,137.720001,133.25,134.440002,134.440002,1379100
7/7/2020,133.850006,138.350006,129.839996,133.110001,133.110001,1595000
7/8/2020,134.029999,139.300003,132.779999,138.919998,138.919998,1154600
7/9/2020,140.490005,143.132996,134.929993,138.639999,138.639999,1459100
7/10/2020,138,139.979996,136,137.460007,137.460007,815300
7/13/2020,139.309998,139.610001,126.309998,126.550003,126.550003,1799900
7/14/2020,126.559998,136.304993,124.889999,135.949997,135.949997,2410600
7/15/2020,137.5,138.289993,131.669998,136.490005,136.490005,1228400
7/16/2020,135.160004,138.100006,133.854996,136.949997,136.949997,721900
7/17/2020,138.449997,142.220001,137.690002,141.100006,141.100006,1204400
7/20/2020,142.350006,146.809998,142.350006,144.839996,144.839996,1321000
7/21/2020,146.610001,147.080002,144.098007,145.029999,145.029999,970300
7/22/2020,146.149994,150,145.169998,149.190002,149.190002,891900
7/23/2020,148.580002,150.800003,144.910004,147.949997,147.949997,1645700
7/24/2020,145.809998,149.190002,142.559998,148.360001,148.360001,1247400
7/27/2020,149.990005,150.929993,147.160004,150.830002,150.830002,949200
7/28/2020,153.080002,156.330002,151.259995,151.380005,151.380005,1320800
7/29/2020,152.520004,155.5,152.520004,155.460007,155.460007,736100
7/30/2020,152.949997,157.440002,148.490005,155.869995,155.869995,1014400
7/31/2020,157.229996,157.740005,151.440002,154.949997,154.949997,896700
8/3/2020,156.759995,162.154999,156.070007,159.490005,159.490005,1437900
8/4/2020,159.770004,167.220001,159.770004,166.690002,166.690002,2380200
8/5/2020,168.940002,177.289993,167.270004,174.119995,174.119995,3766400
8/6/2020,173,225.449997,172.929993,222.990005,222.990005,9900000
8/7/2020,215.600006,222.979996,190.309998,192,192,7586900
8/10/2020,196.509995,198.220001,184.050003,190.119995,190.119995,1749800
8/11/2020,190.539993,199.320007,183.889999,187.649994,187.649994,1675700
8/12/2020,190,197.25,189,193.220001,193.220001,1117700
8/13/2020,192.669998,202.630005,192.410004,193.429993,193.429993,1156700
8/14/2020,194.619995,197.899994,193.259995,196.679993,196.679993,888300
8/17/2020,198.559998,199.990005,191.270004,195,195,1648100
8/18/2020,196.199997,205.479996,194.774994,202.610001,202.610001,1117400
8/19/2020,203,203,196.839996,199.309998,199.309998,789700
8/20/2020,197.949997,204.820007,196.479996,202.589996,202.589996,692800
8/21/2020,201.899994,207.279999,200.5,202.199997,202.199997,890900
8/24/2020,205.050003,205.240005,196.139999,200.889999,200.889999,1170100
8/25/2020,199,203.714996,195.509995,202.929993,202.929993,782200
8/26/2020,204.220001,208.559998,201.289993,207.820007,207.820007,880600
8/27/2020,206.970001,213.139999,203.160004,208.009995,208.009995,1288200
8/28/2020,208.800003,219.100006,208.755005,218.440002,218.440002,1489600
8/31/2020,218,218.919998,210.410004,215.960007,215.960007,907900
9/1/2020,215.119995,235,214.570007,227.190002,227.190002,1901300
9/2/2020,230.529999,231.419006,214.710007,222.979996,222.979996,1180800
9/3/2020,218,219.330002,197.199997,198.509995,198.509995,1991200
9/4/2020,196,201.759995,180.160004,187,187,2737600
9/8/2020,178.5,186.119995,176.649994,181,181,2505300
9/9/2020,188.460007,191.940002,177.134995,179.860001,179.860001,1977200
9/10/2020,180.720001,184.929993,177.309998,178.630005,178.630005,1828400
9/11/2020,179.330002,182.639999,171.440002,174.240005,174.240005,1705000
9/14/2020,178.139999,178.360001,169.029999,171.550003,171.550003,1910300
9/15/2020,174,174.809998,168.009995,171.919998,171.919998,1199000
9/16/2020,172.25,178,167.334,175.899994,175.899994,1667700
9/17/2020,171,171.589996,164.630005,166.440002,166.440002,1876600
9/18/2020,171.130005,171.720001,160.669998,164.779999,164.779999,1733500
9/21/2020,161.910004,173.919998,158.25,173.669998,173.669998,1254600
9/22/2020,210.860001,234.740005,200.940002,226.830002,226.830002,11332200
9/23/2020,226.470001,227.970001,214.300003,218.669998,218.669998,3070100
9/24/2020,216.639999,218.410004,206.649994,208.350006,208.350006,1565500
9/25/2020,208.259995,208.809998,200.529999,203.259995,203.259995,1452000
9/28/2020,206.940002,218.380005,206.25,218.020004,218.020004,2359700
9/29/2020,220.509995,232.899994,220,226.029999,226.029999,1843500
9/30/2020,223.75,226.679993,218.589996,223.059998,223.059998,1149000
10/1/2020,227.300003,242.149994,223,238.100006,238.100006,2313600
10/2/2020,235.889999,239.979996,212.660004,222.699997,222.699997,2836100
10/5/2020,226,229.774002,220.899994,225.009995,225.009995,1303600
10/6/2020,229,232.429993,210.720001,214.649994,214.649994,1761900
10/7/2020,221.860001,223.839996,214.660004,216.960007,216.960007,1168900
10/8/2020,217.860001,219.557007,211.25,214,214,998100
10/9/2020,214.869995,215.509995,211.690002,213.449997,213.449997,930300
10/12/2020,216,217,208.485992,209.5,209.5,829400
10/13/2020,210.520004,225.25,210.520004,216.850006,216.850006,1918200
10/14/2020,219.134995,220.529999,207,213.220001,213.220001,1157800
10/15/2020,210,224.830002,209.710007,224.389999,224.389999,2165300
10/16/2020,223.990005,227.100006,215.100006,221.339996,221.339996,1735000
10/19/2020,222.960007,229,212.589996,213.679993,213.679993,1315800
10/20/2020,209.910004,212.479996,199.080002,199.979996,199.979996,2540100
10/21/2020,202.380005,204.5,191.020004,192.229996,192.229996,1305100
10/22/2020,193.369995,203.070007,190.419998,202.199997,202.199997,1379400
10/23/2020,201.509995,204.5,197.050003,202.639999,202.639999,805800
10/26/2020,199.110001,202.914993,196.119995,201.380005,201.380005,1453600
10/27/2020,202.389999,209.949997,201,208.320007,208.320007,1413300
10/28/2020,203.289993,205.5,197.748993,203,203,1506900
10/29/2020,205,205.699997,190.210007,191.190002,191.190002,2072800
10/30/2020,199.320007,213.990005,179.240005,185.350006,185.350006,4703100
11/2/2020,187.199997,189.899994,180.130005,185.009995,185.009995,1962400
11/3/2020,186.970001,194.789993,185.639999,191,191,1183200
11/4/2020,196.009995,201.699997,193.460007,201.199997,201.199997,1817800
11/5/2020,205.820007,210,202.440002,204.509995,204.509995,1110900
11/6/2020,205.139999,211.690002,196.264999,210,210,1427700
11/9/2020,201.25,207.470001,194.009995,194.149994,194.149994,2005600
11/10/2020,191.380005,194.929993,182.059998,192.490005,192.490005,1945200
11/11/2020,194.25,207.449997,193.369995,207.25,207.25,1643700
11/12/2020,205.300003,217.149994,204.292007,214.740005,214.740005,2101500
11/13/2020,216.539993,220.425003,207.960007,211.080002,211.080002,1234200
11/16/2020,206,214.490005,205.649994,210.009995,210.009995,987000
11/17/2020,210.160004,223.710007,208.509995,221.589996,221.589996,1516600
11/18/2020,221,231.190002,220.270004,224.179993,224.179993,1614500
11/19/2020,225.070007,230.639999,222,227,227,1598100
11/20/2020,228,236.432007,226.889999,234.300003,234.300003,1412200
11/23/2020,237.669998,244.529999,236.095001,240.080002,240.080002,2707500
11/24/2020,239.899994,246.095001,231.75,236.720001,236.720001,1802200
11/25/2020,235.809998,243.264008,232.539993,238.160004,238.160004,1055900
11/27/2020,242.410004,250.660004,240.600006,249.139999,249.139999,1213000
11/30/2020,251.080002,251.675003,235.820007,250.210007,250.210007,3863800
12/1/2020,251.5,252.360001,242.255005,251.130005,251.130005,1332000
12/2/2020,229.229996,238.779999,223.479996,225.449997,225.449997,3184700
12/3/2020,227.509995,232.5,224.020004,227.919998,227.919998,1261000
12/4/2020,232.059998,243.169998,228.940002,243.089996,243.089996,2200200
12/7/2020,241.339996,259.809998,241.339996,258.880005,258.880005,2330300
12/8/2020,259.380005,263.119995,254.619995,261.339996,261.339996,1271600
12/9/2020,262.799988,267.470001,249.600006,255.5,255.5,1182800
12/10/2020,252.759995,262.079987,251.75,260.470001,260.470001,839400
12/11/2020,260,264.790009,256,258.26001,258.26001,977300
12/14/2020,258.26001,262.369995,247.600006,250.970001,250.970001,1149600
12/15/2020,260.100006,268.970001,254.324997,256.040009,256.040009,1774700
12/16/2020,259.779999,261.779999,249,260.959991,260.959991,1396200
12/17/2020,264.089996,277.01001,260.690002,271.98999,271.98999,2110700
12/18/2020,272.5,273,262.320007,266.23999,266.23999,1571600
12/21/2020,262.329987,278.829987,261.25,278.600006,278.600006,1317000
12/22/2020,280,292.079987,278.899994,291.519989,291.519989,1593600
12/23/2020,292.76001,292.76001,265.799988,270,270,1861700
12/24/2020,272.440002,279,270.26001,274.709991,274.709991,564100
12/28/2020,273.420013,274.549988,245.326004,251.490005,251.490005,2333200
12/29/2020,253,253.050003,241.550003,250.509995,250.509995,1425200
12/30/2020,250.25,256.01001,248.585007,250.339996,250.339996,896500
12/31/2020,251,251,239.190002,239.539993,239.539993,1206900
1/4/2021,243.619995,243.619995,229.259995,236.270004,236.270004,2250200
1/5/2021,240,255.940002,237.25,255.580002,255.580002,1611100
1/6/2021,250.509995,257,243.039993,250.830002,250.830002,1397700
1/7/2021,256.320007,276.450012,256.209991,270.160004,270.160004,2051800
1/8/2021,273,279.600006,266.019989,278.440002,278.440002,1543200
1/11/2021,274.48999,279.5,265.709991,274.130005,274.130005,932300
1/12/2021,277.049988,292.440002,276.390015,288.440002,288.440002,1989500
1/13/2021,288.399994,295.125,286.63501,289.429993,289.429993,1338600
1/14/2021,291.529999,302.459991,289.149994,296.829987,296.829987,1912400
1/15/2021,293.5,295.5,282.01001,287.570007,287.570007,2168500
1/19/2021,290,290.130005,273.660004,275,275,1568000
1/20/2021,276.75,278.399994,267.540009,269.880005,269.880005,1145400
1/21/2021,271,276.809998,267.019989,272.549988,272.549988,1000600
1/22/2021,272.720001,276.869995,268.209015,273.470001,273.470001,981500
1/25/2021,278.230011,284.920013,262.690002,272.809998,272.809998,1366300
1/26/2021,273.5,278.799988,260.799988,261.329987,261.329987,1153400
1/27/2021,257.309998,258.5,235.130005,239.309998,239.309998,3480200
1/28/2021,246.610001,267.799988,246,256.01001,256.01001,2566600
1/29/2021,254,265.459991,246.550003,261.190002,261.190002,1794800
2/1/2021,265.329987,270,255.160004,264.23999,264.23999,1440600
2/2/2021,270,287.660004,266.480011,280.649994,280.649994,1655900
2/3/2021,281.570007,289.170013,273,283.809998,283.809998,1063700
2/4/2021,287.029999,291.059998,278.51001,284.529999,284.529999,1113200
2/5/2021,288,292.399994,279.75,288.149994,288.149994,936600
2/8/2021,288.899994,294.529999,283.119995,288.160004,288.160004,969600
2/9/2021,291.329987,299.869995,282.519989,292.910004,292.910004,1046600
2/10/2021,295.700012,300.589996,286.325012,297.929993,297.929993,945100
2/11/2021,300,300.785004,291.399994,294.339996,294.339996,801300
2/12/2021,294.279999,304.480011,289.940002,296.049988,296.049988,901500
2/16/2021,300.790009,310.799988,293.049988,296.25,296.25,1010600
2/17/2021,291.980011,298.320007,286.151001,295.609985,295.609985,980800
2/18/2021,292.5,300.834991,288,295.399994,295.399994,829200
2/19/2021,295.730011,314.565002,295.730011,308.73999,308.73999,1429500
2/22/2021,304.369995,306.380005,280,281.940002,281.940002,1401400
2/23/2021,272.790009,283.48999,253,280.269989,280.269989,1694400
2/24/2021,283.100006,286.420013,268.464996,284.940002,284.940002,1108400
2/25/2021,281.890015,290.170013,259.320007,263.660004,263.660004,1620800
2/26/2021,278,295.769989,265,283.5,283.5,3312300
3/1/2021,289.119995,312.190002,289.089996,311.920013,311.920013,2522000
3/2/2021,311.920013,323.390015,310.98999,314.839996,314.839996,1669900
3/3/2021,313.5,314.329987,284.765015,288.130005,288.130005,2001300
3/4/2021,282.01001,291.869995,263.910004,269.98999,269.98999,2445300
3/5/2021,273.190002,273.93399,242.5,261.540009,261.540009,2729400
3/8/2021,262.01001,263.765015,240.520004,241.190002,241.190002,2004800
3/9/2021,260.820007,261.98999,252.259995,260.420013,260.420013,1523900
3/10/2021,264.480011,274.079987,257,260.450012,260.450012,1176300
3/11/2021,271.540009,279.54599,264.959991,277.040009,277.040009,1248700
3/12/2021,271.75,288.559998,263.51001,286.690002,286.690002,1335000
3/15/2021,287.970001,288.649994,275.109985,284.459991,284.459991,811700
3/16/2021,289.299988,291.779999,278.209991,283.649994,283.649994,1090900
3/17/2021,278.769989,290.25,272.01001,286.279999,286.279999,1142100
3/18/2021,282,282,261.045013,262.809998,262.809998,1606300
3/19/2021,262.209991,273.682007,260.130005,269.220001,269.220001,1907000
3/22/2021,269.890015,277.869995,266,273.920013,273.920013,1178900
3/23/2021,272.23999,283.98999,272.049988,274.170013,274.170013,1515300
3/24/2021,277.089996,277.179993,252.070007,252.850006,252.850006,1444600
3/25/2021,245.850006,257.98999,240.580002,256.359985,256.359985,2120800
3/26/2021,256.700012,262.359985,249.679993,259,259,1123600
3/29/2021,258.869995,260.881989,244.445007,248.710007,248.710007,1327300
3/30/2021,246,257.079987,243.190002,254.5,254.5,1059700
3/31/2021,261.880005,267.049988,258.179993,262.399994,262.399994,1071800
4/1/2021,266.190002,275.950012,264,265.320007,265.320007,874700
4/5/2021,270.720001,271,259.570007,267.329987,267.329987,710900
4/6/2021,267.540009,281.859985,264.279999,277.600006,277.600006,1294200
4/7/2021,273.109985,276.199005,266.880005,267.299988,267.299988,771100
4/8/2021,268.200012,273.98999,267.440002,271,271,895400
4/9/2021,273.410004,273.410004,265.179993,271.299988,271.299988,739500
4/12/2021,266.350006,270.804993,259.369995,269.279999,269.279999,960700
4/13/2021,272.190002,277.850006,268.079987,276.709991,276.709991,741400
4/14/2021,278,282.179993,268.299988,270.089996,270.089996,1032700
4/15/2021,272.920013,285.959991,269.23999,281.690002,281.690002,1454600
4/16/2021,283.25,283.25,272.25,275.089996,275.089996,806600
4/19/2021,273.859985,279.140015,269.25,276.5,276.5,950700
4/20/2021,276.51001,276.809998,258.679993,262.630005,262.630005,1925600
4/21/2021,258,270.299988,255.009995,268.179993,268.179993,947000
4/22/2021,270.190002,270.350006,258.434998,265.01001,265.01001,1035000
4/23/2021,266.980011,278.01001,260.410004,278.01001,278.01001,1207000
4/26/2021,279.309998,296.329987,278,294.390015,294.390015,2085300
4/27/2021,295.940002,301.160004,291.725006,294.76001,294.76001,755800
4/28/2021,295,298.515015,289.29599,293.48999,293.48999,609600
4/29/2021,294.76001,297,284.01001,288.73999,288.73999,739500
4/30/2021,285.26001,290.170013,282.100006,285.26001,285.26001,715500
5/3/2021,297.429993,297.929993,289,290,290,1270900
5/4/2021,285.75,290.549988,276.589996,289.230011,289.230011,1632100
5/5/2021,293.269989,299.480011,279.25,280.619995,280.619995,1662900
5/6/2021,276.839996,278.345001,258.380005,263.450012,263.450012,3424900
5/7/2021,259,261.970001,246.490005,247.809998,247.809998,3587900
5/10/2021,243.110001,245.869995,236.25,242.179993,242.179993,2617700
5/11/2021,231.729996,245.410004,229.690002,239.190002,239.190002,2323700
5/12/2021,233.429993,234.979996,222.789993,226.539993,226.539993,3114300
5/13/2021,229.669998,233.089996,223.311996,223.869995,223.869995,1943600
5/14/2021,227.300003,239.580002,227.300003,237.529999,237.529999,1097700
5/17/2021,235.029999,238.740005,222,226.559998,226.559998,5600100
5/18/2021,228.279999,230.570007,223.869995,227.350006,227.350006,2317200
5/19/2021,221.065002,232.220001,219.399994,228.149994,228.149994,2199600
5/20/2021,229.720001,243,228.580002,241.710007,241.710007,2103600
5/21/2021,243.820007,247.240005,240.009995,246.419998,246.419998,1479100
5/24/2021,248.860001,259.51001,247.649994,253.800003,253.800003,1541400
5/25/2021,256.809998,263.76001,256.079987,259.799988,259.799988,1765100
5/26/2021,260.380005,262.640015,253.960007,259.130005,259.130005,1104900
5/27/2021,262.5,273,256.5,267.070007,267.070007,2025000
5/28/2021,265.320007,269.529999,264.51001,265.089996,265.089996,926200
6/1/2021,267.26001,275.850006,259.839996,273.140015,273.140015,1399500
6/2/2021,274.5,281.720001,271.309998,278.649994,278.649994,1293700
6/3/2021,274.540009,278.140015,268.904999,273.899994,273.899994,909700
6/4/2021,275,280.01001,272.660004,279.869995,279.869995,776700
6/7/2021,278.440002,281.179993,273.959991,279.850006,279.850006,1153800
6/8/2021,280,280.589996,272.75,276.329987,276.329987,1118900
6/9/2021,275.649994,276.779999,264.070007,264.51001,264.51001,1143000
6/10/2021,264.809998,268.390015,263.744995,266.670013,266.670013,1359000
6/11/2021,268.649994,275,267.061005,274.660004,274.660004,862300
6/14/2021,274.75,279.890015,274.73999,278.690002,278.690002,855800
6/15/2021,277,277.665009,269,273.200012,273.200012,904000
6/16/2021,273.059998,281.579987,272,279.459991,279.459991,1568500
6/17/2021,281.73999,292,280.299988,291.160004,291.160004,2260100
6/18/2021,291.709991,296.619995,288.170013,294.320007,294.320007,2017000
6/21/2021,297.390015,299.26001,286.380005,295.730011,295.730011,1648800
6/22/2021,298.160004,314.5,296.869995,313.100006,313.100006,2787100
6/23/2021,306.5,316.170013,305.649994,314.730011,314.730011,1336700
6/24/2021,318.809998,319.5,303.01001,304.51001,304.51001,1725500
6/25/2021,306.329987,306.5,298.089996,300.160004,300.160004,2346100
6/28/2021,299.940002,310.059998,299.329987,305.470001,305.470001,1936400
6/29/2021,301.630005,303.404999,296.609985,301.720001,301.720001,1803300
6/30/2021,301.670013,307.450012,299.25,301.820007,301.820007,841600
7/1/2021,300,308.5,297.28299,308.01001,308.01001,712100
7/2/2021,310,313.549988,307.112,312.079987,312.079987,848400
7/6/2021,312.390015,322.130005,310.535004,316.23999,316.23999,1018500
7/7/2021,317,320.019989,312.054993,316.880005,316.880005,897800
7/8/2021,308.940002,322.619995,308.769989,322.51001,322.51001,1727000
7/9/2021,323.309998,327.779999,319.649994,323.420013,323.420013,1252500
7/12/2021,323.329987,326.809998,321.825012,324.119995,324.119995,654800
7/13/2021,325.130005,329.100006,320.880005,323.070007,323.070007,1329100
7/14/2021,323.48999,324.440002,312.415009,314.429993,314.429993,1854100
7/15/2021,314.429993,319.820007,306.73999,311.200012,311.200012,1481100
7/16/2021,314.380005,318.850006,312,313.269989,313.269989,1281300
7/19/2021,307.970001,311.209991,302.940002,311.040009,311.040009,1453900
7/20/2021,314.670013,328.26001,312.5,325.339996,325.339996,1760600
7/21/2021,323.670013,332.5,321,331.700012,331.700012,1135800
7/22/2021,330.440002,338.875,330.440002,335.230011,335.230011,1064500
7/23/2021,334.769989,341.399994,327.959991,338.920013,338.920013,1092900
7/26/2021,338.799988,339.095001,334.459991,336.640015,336.640015,724700
7/27/2021,337.019989,338.920013,327.25,336.98999,336.98999,1377800
7/28/2021,339.079987,344.320007,333.420013,339.320007,339.320007,963400
7/29/2021,337.73999,340.730011,335.399994,339.190002,339.190002,1047300
7/30/2021,336.399994,341.850006,334.299988,337.559998,337.559998,851800
8/2/2021,338,338.049988,333.359985,333.950012,333.950012,741400
8/3/2021,333.950012,335.022003,328,332.369995,332.369995,749600
8/4/2021,331.399994,334.98999,326.470001,330.910004,330.910004,666500
8/5/2021,328.450012,337.910004,328.26001,337,337,1122200
8/6/2021,365.450012,372.01001,338.5,345.649994,345.649994,3398100
8/9/2021,343.75,357.859985,339.109985,356.339996,356.339996,1681900
8/10/2021,359.540009,376.829987,358.959991,370.100006,370.100006,1902900
8/11/2021,367.380005,375.299988,356.600006,360.700012,360.700012,1418700
8/12/2021,360.540009,365.040009,356.809998,358.149994,358.149994,673400
8/13/2021,358.350006,361.950012,357.88501,360.980011,360.980011,599700
8/16/2021,359.109985,364.130005,354.127991,361.5,361.5,919500
8/17/2021,354.880005,356.929993,348.195007,352.290009,352.290009,1275600
8/18/2021,354.200012,355.029999,341.450012,350.660004,350.660004,1009300
8/19/2021,349.98999,354.519989,347.5,349.950012,349.950012,588000
8/20/2021,350.079987,353.010986,345.359985,349.76001,349.76001,589500
8/23/2021,349.76001,360.279999,349.76001,357.579987,357.579987,674600
8/24/2021,361.119995,363.089996,352.48999,353.390015,353.390015,458200
8/25/2021,355.049988,358.200012,352.5,354.390015,354.390015,461700
8/26/2021,352.25,357.100006,349.279999,351.73999,351.73999,407300
8/27/2021,345.859985,348.959991,336.5,337.519989,337.519989,1638300
8/30/2021,339.089996,341.690002,332.700012,337.76001,337.76001,833500
8/31/2021,340,340,323.130005,328.059998,328.059998,1141100
9/1/2021,328.839996,333.279999,325.940002,330.480011,330.480011,858900
9/2/2021,332.76001,334.190002,319.660004,320.019989,320.019989,879700
9/3/2021,319,329.320007,316.359985,328.660004,328.660004,649200
9/7/2021,330.019989,333.453003,326.799988,330.179993,330.179993,583400
9/8/2021,330.480011,331.920013,325.089996,328.899994,328.899994,396000
9/9/2021,327.459991,334.910004,327.279999,328.809998,328.809998,483300
9/10/2021,331.859985,333.399994,324.410004,329.720001,329.720001,570700
9/13/2021,330.26001,331.950012,316.790009,326.059998,326.059998,649000
9/14/2021,327.579987,338.584991,326.73999,329.070007,329.070007,698200
9/15/2021,332.570007,332.570007,325.450012,329.859985,329.859985,540300
9/16/2021,325.329987,345.980011,323.613007,342.23999,342.23999,1158000
9/17/2021,340.209991,343.179993,329.480011,330.100006,330.100006,2120600
9/20/2021,322.209991,327.119995,314.720001,326.5,326.5,1089200
9/21/2021,330.480011,332.76001,318,318.220001,318.220001,814900
9/22/2021,319.799988,325.220001,318.170013,321.059998,321.059998,985100
9/23/2021,323.380005,328.970001,316.279999,319.25,319.25,808000
9/24/2021,319.089996,324.380005,315.559998,321.98999,321.98999,595900
9/27/2021,320.390015,322.394989,316.100006,319.119995,319.119995,1225600
9/28/2021,315.76001,316.910004,301.959991,305.779999,305.779999,2642400
9/29/2021,309,309.980011,304.170013,305.809998,305.809998,568000
9/30/2021,297.859985,307.540009,294.98999,301.540009,301.540009,1160300
10/1/2021,305.140015,305.140015,292.950012,302.829987,302.829987,970500
10/4/2021,298.26001,299.980011,286.820007,294.070007,294.070007,1019900
10/5/2021,295.019989,295.309998,282.804993,286.779999,286.779999,1185100
10/6/2021,281.079987,290.690002,280,285.76001,285.76001,633700
10/7/2021,290.98999,293.109985,284.339996,285.309998,285.309998,874600
10/8/2021,286.130005,288.109985,282.190002,282.429993,282.429993,749400
10/11/2021,289.820007,290.179993,282.070007,282.73999,282.73999,663100
10/12/2021,286.049988,287.570007,281.040009,281.480011,281.480011,776700
10/13/2021,284.420013,284.920013,280.25,282.540009,282.540009,708200
10/14/2021,285.799988,289.410004,282.850006,284.079987,284.079987,483400
10/15/2021,286.920013,291.61499,285,287.059998,287.059998,616000
10/18/2021,286,291.619995,286,288.940002,288.940002,658500
10/19/2021,291.660004,295.709991,288.679993,290.850006,290.850006,666200
10/20/2021,291.299988,294.390015,287.75,289.029999,289.029999,537300
10/21/2021,290.959991,305.799011,290.059998,301.76001,301.76001,968200
10/22/2021,297.709991,299.040009,292.459991,297.589996,297.589996,752900
10/25/2021,298.070007,299.75,289.079987,292.230011,292.230011,643400
10/26/2021,295.089996,295.880005,288.329987,291.559998,291.559998,567000
10/27/2021,303.950012,305.98999,289.325012,291.529999,291.529999,1292100
10/28/2021,291.579987,299.73999,290.920013,297.959991,297.959991,1053200
10/29/2021,295.910004,308.01001,295.910004,303.179993,303.179993,833200
11/1/2021,302.820007,309.5,299.670013,301.920013,301.920013,879800
11/2/2021,301,304.23999,298.119995,300.299988,300.299988,914000
11/3/2021,300.309998,305.940002,298.839996,301.410004,301.410004,662300
11/4/2021,301.220001,302.140015,295.059998,300.589996,300.589996,1318400
11/5/2021,289.829987,307.109985,275.329987,297.890015,297.890015,2478400
11/8/2021,294.109985,298.779999,290.910004,292.730011,292.730011,1163400
11/9/2021,295.540009,300.630005,293.329987,295.850006,295.850006,936000
11/10/2021,293.059998,295.100006,284.654999,287.26001,287.26001,1406200
11/11/2021,286.339996,287.809998,279.290009,286.279999,286.279999,1342700
11/12/2021,290,294.869995,285.51001,294.429993,294.429993,1015000
11/15/2021,296.220001,302.459991,295.839996,298.179993,298.179993,772100
11/16/2021,298.51001,301.225006,295.920013,300.790009,300.790009,791300
11/17/2021,301.420013,304.325012,291.829987,292.23999,292.23999,732800
11/18/2021,292.600006,292.75,282.299988,288.619995,288.619995,725600
11/19/2021,289.350006,293.209991,285.429993,291.720001,291.720001,655000
11/22/2021,294.109985,294.109985,280.059998,284.690002,284.690002,1495200
11/23/2021,281.640015,285.5,276.079987,282.01001,282.01001,1429600
11/24/2021,279.179993,291,276.089996,290.200012,290.200012,1404700
11/26/2021,290.600006,295.970001,287.869995,291.109985,291.109985,816800
11/29/2021,293.149994,296.700012,290.149994,291.970001,291.970001,1084200
11/30/2021,293.01001,293.519989,277.540009,280.420013,280.420013,2296400
12/1/2021,282.01001,286.25,265.48999,266.540009,266.540009,2436300
12/2/2021,264.230011,270.369995,257.980011,265.649994,265.649994,2350300
12/3/2021,266,268.329987,245.389999,261.350006,261.350006,3509500
12/6/2021,261.940002,268.820007,255.169998,263.119995,263.119995,1639700
12/7/2021,267.5,269.450012,261.622986,263.98999,263.98999,1378400
12/8/2021,265,269.529999,260.880005,267.869995,267.869995,1155800
12/9/2021,266.76001,270.540009,265.089996,268.040009,268.040009,2828900
12/10/2021,269.540009,272.649994,263.5,270.820007,270.820007,1598400
12/13/2021,270.179993,274.350006,261.549988,264.019989,264.019989,1875100
12/14/2021,259.98999,259.98999,240.300003,241,241,4426300
12/15/2021,237.139999,239.410004,215.660004,226.5,226.5,4645200
12/16/2021,227.520004,230.050003,197.429993,204.119995,204.119995,6309800
12/17/2021,200.529999,224.990005,194.695007,223.589996,223.589996,6777200
12/20/2021,219.589996,221.970001,204.985001,205.610001,205.610001,3004000
12/21/2021,209,227.169998,207.009995,227,227,2737900
12/22/2021,226.089996,238.089996,225.490005,237.839996,237.839996,2348300
12/23/2021,238,245.830002,236.380005,240.779999,240.779999,2105200
12/27/2021,239.850006,241.990005,231.089996,232.179993,232.179993,1496000
12/28/2021,233,237.214996,229.970001,233.759995,233.759995,1185600
12/29/2021,234.289993,234.289993,224.779999,225.289993,225.289993,977900
12/30/2021,225.289993,237.729996,224.856003,233.080002,233.080002,1246600
12/31/2021,232.490005,234.309998,225.710007,231.789993,231.789993,1673200
1/3/2022,234.380005,239.639999,228.990005,239.630005,239.630005,1045500
1/4/2022,238.300003,240.585007,209.154999,220.940002,220.940002,2627200
1/5/2022,217.690002,218.190002,197.490005,198,198,2962600
1/6/2022,196.630005,202.690002,184.380005,191.380005,191.380005,4489200
1/7/2022,188.729996,195.979996,184.580002,184.710007,184.710007,3044500
1/10/2022,180,183.759995,171.809998,183.440002,183.440002,4592700
1/11/2022,179.440002,193.229996,178.5,186.199997,186.199997,2333600
1/12/2022,184.759995,186,173.285004,177.529999,177.529999,4508100
1/13/2022,179.990005,180.574997,161.25,163,163,3925800
1/14/2022,160.610001,165.5,147.669998,156.389999,156.389999,7179100
1/18/2022,152.119995,169.889999,148.220001,162.089996,162.089996,4970500
1/19/2022,163.229996,168.539993,153.020004,157.130005,157.130005,4010200
1/20/2022,158.050003,175.399994,157.270004,157.990005,157.990005,4877700
1/21/2022,153.669998,155.479996,133.880005,135.649994,135.649994,5721100
1/24/2022,132,160.729996,130.25,157.899994,157.899994,7551200
1/25/2022,153,159.949997,139.649994,146.529999,146.529999,5543000
1/26/2022,153.169998,155,137.75,140.949997,140.949997,4193900
1/27/2022,142.610001,144.830002,133.419998,141.679993,141.679993,3811900
1/28/2022,144.729996,151.789993,134.692001,145.990005,145.990005,2968100
1/31/2022,146.419998,163.149994,146.029999,162.059998,162.059998,3480900
2/1/2022,164.020004,166.509995,153.639999,164.779999,164.779999,3150900
2/2/2022,164.25,167,153.550003,158.399994,158.399994,2345400
2/3/2022,152.949997,155.559998,143.75,146.940002,146.940002,2559500
2/4/2022,150.039993,156.889999,144.490005,150.309998,150.309998,2426900
2/7/2022,148.690002,158.970993,143.759995,146.330002,146.330002,2031400
2/8/2022,143.619995,154.300003,142.669998,153.130005,153.130005,2119900
2/9/2022,156.660004,162.889999,152.190002,162.690002,162.690002,1760800
2/10/2022,156,163.179993,152.550003,154.539993,154.539993,3101000
2/11/2022,154.940002,159.020004,137.850006,141.350006,141.350006,3084700
2/14/2022,140.020004,146.729996,137.300003,140.630005,140.630005,3443100
2/15/2022,143.339996,147.399994,137.110001,142.5,142.5,2373200
2/16/2022,141,141.289993,133.029999,138.619995,138.619995,2394600
2/17/2022,137.350006,145.770004,132.559998,135.229996,135.229996,2812500
2/18/2022,135.410004,137.759995,125.25,126.400002,126.400002,2846500
2/22/2022,125.019997,128.75,116.93,119.25,119.25,3139000
2/23/2022,119.260002,123.470001,113.285004,113.650002,113.650002,3348200
2/24/2022,107.639999,127.669998,107.5,126.050003,126.050003,6576500
2/25/2022,135.020004,156.679993,121.190002,152.570007,152.570007,11458100
2/28/2022,149.199997,155.919998,145.5,150.470001,150.470001,4589600
3/1/2022,148.729996,149.789993,135.320007,145.059998,145.059998,3880300
3/2/2022,142.889999,145,134.649994,138.610001,138.610001,3061500
3/3/2022,142.929993,144.130005,122.285004,123.330002,123.330002,4767000
3/4/2022,123.269997,123.5,102.190002,103.839996,103.839996,9892900
3/7/2022,106.879997,110.739998,99.709999,104.940002,104.940002,6718500
3/8/2022,105.870003,115.32,97.696999,105.199997,105.199997,5317200
3/9/2022,115,122.849998,113.010002,116.550003,116.550003,4108000
3/10/2022,114,114.949997,106.800003,113.480003,113.480003,2902700
3/11/2022,114.989998,118.239998,110.150002,113.790001,113.790001,3621000
3/14/2022,111.470001,121.18,104.529999,105.480003,105.480003,5162700
3/15/2022,106.449997,122.300003,104.029999,120.440002,120.440002,4916000
3/16/2022,123.519997,130.779999,120.910004,129.449997,129.449997,5923100
3/17/2022,126.410004,135.850006,124.559998,134.860001,134.860001,4988800
3/18/2022,133.809998,146.25,132.940002,142.429993,142.429993,5783500
3/21/2022,140.029999,144,133.5,136.309998,136.309998,4037100
3/22/2022,134.809998,143.979996,128.990005,141.279999,141.279999,4170900
3/23/2022,138.369995,150.839996,132.220001,141.190002,141.190002,3588100
3/24/2022,140.770004,149.070007,133.529999,148.649994,148.649994,2845800
3/25/2022,149.169998,149.690002,125.800003,128.520004,128.520004,5359800
3/28/2022,127,129.860001,119.610001,129.860001,129.860001,4058300
3/29/2022,134.75,140.119995,129.660004,138.690002,138.690002,3520900
3/30/2022,134.289993,138.645004,125.269997,125.980003,125.980003,3251200
3/31/2022,126.110001,126.550003,118.449997,119.290001,119.290001,2664000
4/1/2022,119.870003,123.349998,116.720001,119.459999,119.459999,2588500
4/4/2022,119.32,134.679993,119.32,132.960007,132.960007,4209300
4/5/2022,126.269997,129.429993,118.231003,121.459999,121.459999,4345100
4/6/2022,117.010002,117.110001,107.029999,113.730003,113.730003,4791000
4/7/2022,111.760002,116.148003,106.099998,111.230003,111.230003,4097300
4/8/2022,110.120003,113.940002,106.129997,107.309998,107.309998,3233800
4/11/2022,105,114.239998,102.559998,106.010002,106.010002,3666800
4/12/2022,106.639999,111.68,98.5,100.779999,100.779999,4698000
4/13/2022,99.730003,107.169998,97.050003,105.089996,105.089996,3266200
4/14/2022,105.639999,105.860001,98.120003,101.529999,101.529999,3128100
4/18/2022,99.82,100.400002,93.989998,96.550003,96.550003,3223100
4/19/2022,95.760002,103.419998,94.848999,101.769997,101.769997,2855900
4/20/2022,100.839996,101.790001,92.150002,92.5,92.5,10103200
4/21/2022,86.010002,95,79.279999,83.139999,83.139999,17302000
4/22/2022,88.410004,91.400002,82.25,83.75,83.75,18516500
4/25/2022,80.989998,82.57,75.339996,81.209999,81.209999,13634900
4/26/2022,81.190002,81.959999,70.18,70.489998,70.489998,11545100
4/27/2022,71.720001,79,63.360001,65.739998,65.739998,21794500
4/28/2022,66.529999,68.360001,58.23,64.370003,64.370003,16401900
4/29/2022,65,68.959999,57.404999,57.959999,57.959999,10951300
5/2/2022,57.419998,60.943001,55.279999,60.470001,60.470001,8982900
5/3/2022,58.009998,59.68,54.900002,57.330002,57.330002,9700900
5/4/2022,54.639999,59.849998,52.368999,59.650002,59.650002,10408300
5/5/2022,56.799999,56.994999,47.450001,48.919998,48.919998,11436900
5/6/2022,48.02,48.150002,40.759998,46.48,46.48,13184800
5/9/2022,46.349998,46.900002,38.419998,38.77,38.77,14869300
5/10/2022,41.285,42.02,35.080002,36.68,36.68,15723800
5/11/2022,35.73,38.639999,29.129999,30,30,22941800
5/12/2022,29.41,45.299999,28.35,37.400002,37.400002,41704100
5/13/2022,40.209999,45.450001,36.709999,38.310001,38.310001,25571000
5/16/2022,42.48,46.349998,37.900002,38.400002,38.400002,27920200
5/17/2022,39.77,41.740002,37.169998,41.599998,41.599998,13131900
5/18/2022,40.189999,40.257999,34.52,35.049999,35.049999,10480900
5/19/2022,35.060001,36.380001,31.799999,32.880001,32.880001,13666500
5/20/2022,33.59,33.689999,30.450001,33.57,33.57,10341200
5/23/2022,32.810001,33.209999,28.75,30.24,30.24,11191100
5/24/2022,29.629999,29.76,25.690001,26.65,26.65,11874000
5/25/2022,26.5,31.6,26.440001,30.959999,30.959999,18978700
5/26/2022,30.379999,32.990002,29.709999,31.09,31.09,8942000
5/27/2022,31.99,34.400002,31.700001,33.849998,33.849998,8703900
5/31/2022,33.360001,34.290001,28.809999,29.440001,29.440001,9861400
6/1/2022,29.459999,30.049999,26.309999,26.49,26.49,10270700
6/2/2022,26.15,30.639999,25.26,30.08,30.08,11900900
6/3/2022,29,29.42,26.27,26.52,26.52,9468700
6/6/2022,27.26,27.26,24.73,24.879999,24.879999,10537000
6/7/2022,24.16,25.450001,23.6,25.41,25.41,11166900
6/8/2022,25.219999,27.24,24.42,25.200001,25.200001,8300200
6/9/2022,25.290001,25.43,22.674999,23.129999,23.129999,10416700
6/10/2022,22.870001,23.74,21.610001,22.01,22.01,10436100
6/13/2022,20.389999,21.450001,19.799999,21.030001,21.030001,12019500
6/14/2022,21.41,22.33,20.235001,20.92,20.92,7511500
6/15/2022,21.959999,25.42,21.620001,24.43,24.43,18479600
6/16/2022,22.370001,23.690001,20.84,21.4,21.4,10673900
6/17/2022,21.709999,24.440001,21.6,24.27,24.27,12605000
6/21/2022,24.959999,27.42,24.799999,24.91,24.91,11799300
6/22/2022,24.059999,26.790001,24.059999,25.139999,25.139999,7499300
6/23/2022,25.43,28.809999,24.860001,28.639999,28.639999,11869900
6/24/2022,27.719999,31.559999,27.280001,31.52,31.52,15434500
6/27/2022,31.870001,32.369999,28.379999,30.34,30.34,8972700
6/28/2022,29.91,30.700001,24.559999,24.74,24.74,12979900
6/29/2022,24.17,24.559999,22.200001,23.110001,23.110001,12202800
6/30/2022,23,24.34,21.702,22.58,22.58,12363400
7/1/2022,22.959999,23.67,21.43,21.870001,21.870001,12506700
7/5/2022,21.299999,27.85,20.66,27.58,27.58,19781200
7/6/2022,27.34,28.389999,25.82,26.299999,26.299999,12873400
7/7/2022,26.27,26.940001,25.02,26.780001,26.780001,11001500
7/8/2022,25.879999,28.49,24.709999,25.09,25.09,12923200
7/11/2022,24.58,24.58,21.68,22.09,22.09,12672800
7/12/2022,22.540001,22.9,21.540001,22.07,22.07,7997300
7/13/2022,21,22.469999,20.18,20.969999,20.969999,12994600
7/14/2022,20.549999,20.809999,19.450001,20.23,20.23,10807500
7/15/2022,20.690001,21.76,20.07,21.25,21.25,10075300
7/18/2022,21.948999,23.59,21.68,22.25,22.25,10544100
7/19/2022,22.25,22.870001,20.530001,22.85,22.85,11286400
7/20/2022,23.09,27.549999,22.799999,27.379999,27.379999,18511500
7/21/2022,26.83,28.93,26.530001,28.209999,28.209999,11623900
7/22/2022,27.780001,28.9,24.73,25.379999,25.379999,10610500
7/25/2022,25.290001,26.17,24.17,25.200001,25.200001,6076000
7/26/2022,23.98,24.440001,23.23,24.18,24.18,8400400
7/27/2022,25.75,26.540001,24.086,26.360001,26.360001,10023400
7/28/2022,26.200001,27.75,25.129999,27.18,27.18,6644500
7/29/2022,27.16,29.6,26.08,29.15,29.15,9705300
8/1/2022,28.540001,31.27,28.26,30.17,30.17,7505100
8/2/2022,28.809999,34.830002,28.58,34.049999,34.049999,11973300
8/3/2022,34.75,35.59,32.5,34.900002,34.900002,10022200
8/4/2022,34.959999,37.970001,32.09,33.540001,33.540001,14196700
8/5/2022,34.709999,48.490002,34.630001,46.98,46.98,46780000
8/8/2022,46.889999,50.77,43.23,46.459999,46.459999,19293700
8/9/2022,44.849998,45.900002,40.57,41.43,41.43,9221600
8/10/2022,45.459999,48.095001,44.77,47.310001,47.310001,9899000
8/11/2022,50.259998,57.32,49.369999,50.130001,50.130001,16203900
8/12/2022,50.93,52.5,48.049999,52.099998,52.099998,9507600
8/15/2022,51.715,52.200001,48.799999,51,51,6212600
8/16/2022,50.900002,58.049999,48.937,54.59,54.59,12457300
8/17/2022,52.900002,54.419998,48.610001,49.619999,49.619999,8375100
8/18/2022,49.09,49.119999,45.849998,47.860001,47.860001,6089100
8/19/2022,45.619999,46.299999,41.904999,42.299999,42.299999,6723700
8/22/2022,40.290001,41.25,35.25,35.959999,35.959999,11598800
8/23/2022,36.09,36.43,34.055,34.700001,34.700001,8015100
8/24/2022,35.349998,37.816002,34.889999,36.09,36.09,6266900
8/25/2022,37.419998,39.279999,36.639999,38.490002,38.490002,7530900
8/26/2022,38.689999,39.5,34.049999,35.540001,35.540001,8092400
8/29/2022,34.650002,35.43,33.400002,34.209999,34.209999,5488300
8/30/2022,34.939999,36.41,31.93,33.09,33.09,5847000
8/31/2022,33.75,34.787998,32.080002,32.990002,32.990002,9461500
9/1/2022,32.349998,32.939999,30.389999,32.779999,32.779999,4981300
9/2/2022,33.880001,33.880001,30.360001,31.58,31.58,5970800
9/6/2022,31.6,32.299999,29.91,31.49,31.49,5725600
9/7/2022,31.219999,33.990002,30.801001,33.310001,33.310001,5324900
9/8/2022,32.18,34.02,31.698,33.98,33.98,5932700
9/9/2022,34.32,37.48,34.200001,36.619999,36.619999,5909000
9/12/2022,40.200001,42.490002,38.82,42.279999,42.279999,16409900
9/13/2022,37.200001,38.98,36.599998,36.810001,36.810001,10403000
9/14/2022,36.610001,36.799999,34.259998,36.07,36.07,7182300
9/15/2022,35.439999,38.48,35.310001,37.02,37.02,6449200
9/16/2022,35.119999,35.459999,32.509998,32.919998,32.919998,9187300
9/19/2022,32.529999,34.150002,32.220001,33.450001,33.450001,5680200
9/20/2022,32.509998,33.330002,30.91,30.969999,30.969999,6343700
9/21/2022,31.290001,33.57,30.42,30.66,30.66,8686800
9/22/2022,30.280001,30.82,26.85,26.969999,26.969999,9198400
9/23/2022,26.264999,26.996,25.253,26.200001,26.200001,7518000
9/26/2022,26.58,27.68,24.42,24.440001,24.440001,6432800
9/27/2022,26.110001,26.83,24.41,24.83,24.83,8337800
9/28/2022,25.17,27.280001,24.84,26.870001,26.870001,7253100
9/29/2022,24.02,24.200001,20.530001,21.57,21.57,21989700
9/30/2022,20.91,22.17,20,20.299999,20.299999,10923100
10/3/2022,20.41,21.84,19.299999,21.459999,21.459999,9347700
10/4/2022,22.889999,23.969999,22.389999,23.26,23.26,11527800
10/5/2022,22.01,22.299999,20.860001,21.549999,21.549999,9888400
10/6/2022,21.540001,22.66,20.584999,21.129999,21.129999,9051000
10/7/2022,20.440001,20.450001,18.809999,19.27,19.27,11195900
10/10/2022,19.25,19.290001,17.360001,18.209999,18.209999,9569800
10/11/2022,18.25,19.67,17.299999,18.32,18.32,12814600
10/12/2022,18.139999,19.26,17.42,19.07,19.07,7789600
10/13/2022,17.76,19.469999,17.049999,18.870001,18.870001,11808100
10/14/2022,19.450001,20.16,17.1,17.139999,17.139999,10373900
10/17/2022,17.93,18.93,17.51,18.219999,18.219999,9272300
10/18/2022,18.66,19.559999,18.108999,18.370001,18.370001,13359400
10/19/2022,17.57,17.690001,14.55,14.99,14.99,23577200
10/20/2022,14.9,15.74,14.25,14.48,14.48,14042300
10/21/2022,14.23,15.1,13.67,14.25,14.25,12982700
10/24/2022,14.07,14.07,12.9,13.38,13.38,11333600
10/25/2022,13.59,15.5,13.535,15.28,15.28,17136000
10/26/2022,14.77,16.42,14.71,15.1,15.1,14122100
10/27/2022,15.05,15.84,14.52,14.52,14.52,8891100
10/28/2022,14.22,14.7,13.61,14.49,14.49,8569600
10/31/2022,14.56,15.09,13.51,13.53,13.53,12557600
11/1/2022,15.26,16.07,14.941,15.28,15.28,19014900
11/2/2022,15.22,15.24,13.46,13.47,13.47,13984700
11/3/2022,13.31,14.63,12.74,14.35,14.35,16169100
11/4/2022,13.04,13.5,8.37,8.76,8.76,71102800
11/7/2022,8.77,8.88,6.68,7.39,7.39,52554300
11/8/2022,7.43,7.61,6.5,7.36,7.36,40354400
11/9/2022,7.73,8.38,7.26,7.59,7.59,26808400
11/10/2022,8.41,10.42,8.41,9.99,9.99,40212900
11/11/2022,9.11,11.9,8.92,11.88,11.88,34263300
11/14/2022,11.56,11.68,9.71,9.74,9.74,22210400
11/15/2022,10.56,10.91,9.77,9.93,9.93,22886800
11/16/2022,9.47,9.485,8.54,8.55,8.55,16513300
11/17/2022,8.1,8.48,7.9,8.32,8.32,15923400
11/18/2022,8.59,8.64,7.61,8.06,8.06,22335400
11/21/2022,7.67,7.77,6.86,7.05,7.05,16446300
11/22/2022,7.03,7.28,6.7,6.8,6.8,12983600
11/23/2022,7.32,8.23,7.03,8.12,8.12,24668200
11/25/2022,7.93,8.28,7.71,7.97,7.97,9203100
11/28/2022,7.8,8.13,7.41,7.47,7.47,10428500
11/29/2022,7.6,7.82,7.32,7.34,7.34,9222500
11/30/2022,7.01,7.74,6.79,7.71,7.71,17127700
12/1/2022,7.74,8.62,7.59,8.13,8.13,22853000
12/2/2022,7.8,8.18,7.47,8.07,8.07,12981300
12/5/2022,7.97,8.15,7.09,7.1,7.1,12299800
12/6/2022,7.17,7.19,6.5,6.71,6.71,16296900
12/7/2022,4.44,4.88,3.55,3.83,3.83,118483400
12/8/2022,4.02,5.24,3.87,4.96,4.96,70437100
12/9/2022,4.55,5.94,4.42,5.05,5.05,53062400
12/12/2022,5.12,5.19,4.67,4.95,4.95,18370700
12/13/2022,5.59,5.65,4.61,4.83,4.83,26877100
12/14/2022,4.74,5.59,4.74,5.26,5.26,22429000
12/15/2022,5.1,5.88,5.06,5.47,5.47,27233400
12/16/2022,5.3,5.51,4.89,5.03,5.03,18754900
12/19/2022,5,5,4.2,4.42,4.42,16893200
12/20/2022,4.3,4.44,4.06,4.16,4.16,10576500
12/21/2022,4.07,4.535,4.02,4.32,4.32,13707000
12/22/2022,4.22,4.26,3.762,4.13,4.13,17127600
12/23/2022,4.08,4.205,3.94,4.05,4.05,7929500
12/27/2022,3.94,4.02,3.695,3.72,3.72,10510800
12/28/2022,3.69,3.95,3.62,3.83,3.83,12017900
12/29/2022,3.84,4.52,3.82,4.45,4.45,17261500
12/30/2022,4.33,4.75,4.315,4.74,4.74,11800400
1/3/2023,4.81,4.88,4.42,4.63,4.63,12707300
1/4/2023,4.66,5.098,4.555,5.04,5.04,11970100
1/5/2023,4.87,4.92,4.51,4.55,4.55,9938400
1/6/2023,4.59,4.59,4.23,4.41,4.41,8401700
1/9/2023,4.47,4.79,4.39,4.44,4.44,9639200
1/10/2023,4.38,4.655,4.35,4.42,4.42,6300500
1/11/2023,4.48,5.83,4.47,5.5,5.5,38685700
1/12/2023,5.63,8.1,5.16,8.03,8.03,87408500
1/13/2023,7.42,8.44,6.49,7.02,7.02,67668200
1/17/2023,7.21,8.21,6.83,7.31,7.31,33801800
1/18/2023,7.68,8.3,6.892,6.98,6.98,35391500
1/19/2023,6.75,6.799,6.042,6.38,6.38,17168100
1/20/2023,6.495,6.55,6.06,6.49,6.49,13554000
1/23/2023,6.63,7.39,6.49,7.18,7.18,25017900
1/24/2023,6.985,7.56,6.62,6.64,6.64,13589600
1/25/2023,6.41,6.695,6.08,6.43,6.43,11322500
1/26/2023,6.81,7.15,6.15,6.5,6.5,18975400
1/27/2023,6.4,8.09,6.33,7.77,7.77,36032000
1/30/2023,8.35,10.866,8.112,10,10,108391200
1/31/2023,11.08,11.18,9.135,10.17,10.17,66572000
2/1/2023,10.1,14.35,9.85,13.56,13.56,86425400
2/2/2023,17.43,19.870001,13.41,14.25,14.25,148292700
2/3/2023,12.95,16.209999,12.95,14.45,14.45,61033600
2/6/2023,13.96,14.59,13.02,13.43,13.43,32385400
2/7/2023,13.36,13.79,12.1,13.19,13.19,25477500
2/8/2023,13,16.77,12.77,14.01,14.01,54973800
2/9/2023,15,15.4,11.8,11.95,11.95,36189100
2/10/2023,11.665,12.24,10.61,10.84,10.84,19145000
2/13/2023,10.66,11.36,10.17,11.02,11.02,17271100
2/14/2023,10.68,11.75,10.06,10.72,10.72,25744900
2/15/2023,10.545,12.805,10.52,12.69,12.69,31120300
2/16/2023,11.73,12.389,10.91,10.92,10.92,21378200
2/17/2023,11.28,11.9,10.88,11.37,11.37,20798800
2/21/2023,11.12,11.76,9.9,10.06,10.06,19919300
2/22/2023,10.31,10.815,9.56,10.07,10.07,13784000
2/23/2023,10.4,10.42,9.34,10.08,10.08,21841700
2/24/2023,8.89,9.05,7.55,8.01,8.01,35382600
2/27/2023,8.13,8.98,7.85,8.93,8.93,24503700
2/28/2023,8.68,9.91,8.65,9.42,9.42,20225000
3/1/2023,9.5,9.57,8.69,8.91,8.91,11435400
3/2/2023,8.58,9.73,8.42,9.47,9.47,15308900
3/3/2023,9.41,10.25,9.32,10.09,10.09,14166800
3/6/2023,10.13,10.38,9.09,9.11,9.11,10773000
3/7/2023,9.18,9.559,8.78,8.88,8.88,10801300
3/8/2023,8.9,9.22,8.62,8.85,8.85,7404000
3/9/2023,8.7,9.31,8.32,8.44,8.44,9779300
3/10/2023,8.35,8.4,7.17,7.31,7.31,15306600
3/13/2023,7.02,7.61,6.86,7.48,7.48,11063900
3/14/2023,7.73,8,6.61,6.83,6.83,12058300
3/15/2023,6.7,7.177,6.45,7.05,7.05,9637700
3/16/2023,6.92,7.585,6.63,7.41,7.41,11659700
3/17/2023,7.21,7.9,7.02,7.65,7.65,13091100
3/20/2023,7.43,7.82,6.87,7.07,7.07,9252400
3/21/2023,7.19,8.09,7.18,7.93,7.93,9893300
3/22/2023,10.15,10.25,8.4,8.43,8.43,48636600
3/23/2023,8.63,9.47,7.87,8.35,8.35,18692100
3/24/2023,8.18,8.47,7.95,8.19,8.19,8137500
3/27/2023,8.35,8.445,7.57,7.62,7.62,7406800
3/28/2023,7.57,7.73,7.21,7.36,7.36,6727900
3/29/2023,7.47,7.9,7.362,7.87,7.87,6442000
3/30/2023,8.08,9,8.075,8.83,8.83,15922100
3/31/2023,8.9,9.79,8.77,9.79,9.79,13497400
4/3/2023,9.64,10.16,9.085,9.29,9.29,13477600
4/4/2023,9.44,9.72,8.93,9.5,9.5,9428200
4/5/2023,9.38,9.38,8.39,8.5,8.5,8720200
4/6/2023,8.37,9.03,8.16,9.01,9.01,7071900
4/10/2023,9,9.35,8.62,9.31,9.31,8839800
4/11/2023,9.79,10.85,9.6,9.76,9.76,22071700
4/12/2023,10.13,10.32,8.79,9.24,9.24,15732000
4/13/2023,9.27,9.77,9.201,9.37,9.37,8281000
4/14/2023,9.47,9.8,8.68,8.97,8.97,8469000
4/17/2023,8.91,9.219,8.68,9.06,9.06,6898200
4/18/2023,9.22,9.285,8.76,8.8,8.8,6657100
4/19/2023,8.6,8.843,8.295,8.63,8.63,7126700
4/20/2023,8.3,8.51,7.91,8,8,8496200
4/21/2023,7.97,8.29,7.73,8.14,8.14,5858800
4/24/2023,8.1,8.695,8,8.37,8.37,8456300
4/25/2023,8.33,8.47,7.45,7.55,7.55,8617000
4/26/2023,7.74,7.85,7.43,7.52,7.52,5008700
4/27/2023,7.56,7.63,7.23,7.34,7.34,7309100
4/28/2023,7.22,7.46,6.855,6.94,6.94,8230100
5/1/2023,7.29,7.5,6.7,6.93,6.93,10415000
5/2/2023,6.79,7.34,6.7,7.22,7.22,10817800
5/3/2023,7.12,7.51,7.01,7.07,7.07,7313900
5/4/2023,7.1,7.43,6.92,7.2,7.2,17286200
5/5/2023,10.03,11.19,8.76,8.96,8.96,79284500
5/8/2023,9.11,11.7,8.86,11.3,11.3,51247700
5/9/2023,10.84,13.28,10.65,11.85,11.85,56630200
5/10/2023,12.15,13.7,11.83,13.15,13.15,41742200
5/11/2023,12.99,13.25,11.64,11.96,11.96,23912300
5/12/2023,11.87,11.87,10.23,10.5,10.5,16624500
5/15/2023,10.425,11.595,10.16,11.58,11.58,13661100
5/16/2023,11.41,11.49,10.6,10.6,10.6,9730700
5/17/2023,10.8,11.86,10.2,11.8,11.8,14589200
5/18/2023,11.66,12.65,11.55,11.96,11.96,15801200
5/19/2023,11.895,12.41,10.27,10.74,10.74,15787000
5/22/2023,10.765,11.74,10.335,11.47,11.47,13226900
5/23/2023,11.58,13.13,11.42,11.91,11.91,26086000
5/24/2023,11.76,12.03,10.88,11.53,11.53,14133900
5/25/2023,12.1,12.1,10.675,10.94,10.94,13035700
5/26/2023,10.89,11.97,10.7,11.74,11.74,13353500
5/30/2023,12.41,14.07,12.23,13.72,13.72,30834500
5/31/2023,13.21,13.25,12.062,12.92,12.92,17723500
6/1/2023,13.8,16.93,13.16,15.8,15.8,49998300
6/2/2023,14.98,16.23,14.53,15.68,15.68,31105000
6/5/2023,15.8,16.450001,14.89,15,15,14255800
6/6/2023,14.75,15.25,14.32,14.78,14.78,16494000
6/7/2023,15.31,16.48,15.05,15.53,15.53,22191000
6/8/2023,18.82,26.09,17.629999,24.23,24.23,175781000
6/9/2023,25.49,27.33,18.700001,19.07,19.07,99623100
6/12/2023,18.5,21.969999,18.459999,21.26,21.26,52898200
6/13/2023,22.120001,24.18,21.07,23.51,23.51,40972000
6/14/2023,23.08,24.6,22.52,23.4,23.4,27648300
6/15/2023,22.73,27.540001,22.219999,26.379999,26.379999,44798300
6/16/2023,27.25,28.52,24.43,25.32,25.32,34766900
6/20/2023,24.934999,26.857,23.113001,23.52,23.52,23423900
6/21/2023,23.74,25.225,22.610001,24.17,24.17,19327200
6/22/2023,23.790001,25.969999,23.07,25.540001,25.540001,20433200
6/23/2023,24.99,25.870001,21.4,21.41,21.41,29560100
6/26/2023,21.639999,22.33,20.6,20.91,20.91,12252700
6/27/2023,21.85,24.51,21.15,24.299999,24.299999,19206800
6/28/2023,23.719999,28.395,23.66,28.030001,28.030001,34977700
6/29/2023,29.01,29.129999,24.66,25.74,25.74,28143000
6/30/2023,26.780001,27.450001,25.15,25.92,25.92,19331600
7/3/2023,25.9,26.35,25.200001,25.799999,25.799999,7548200
7/5/2023,26.49,26.82,24.450001,25.85,25.85,13080500
7/6/2023,25.299999,25.68,23.43,24.32,24.32,13141400
7/7/2023,24.85,29.809999,24.68,29.450001,29.450001,29286100
7/10/2023,29.360001,34.59,28.120001,34.27,34.27,48778100
7/11/2023,34.41,37.580002,32.82,35.57,35.57,42291200
7/12/2023,37.389999,44.639999,35.592999,38.889999,38.889999,72824900
7/13/2023,35.669998,39.43,34.599998,37.68,37.68,45335300
7/14/2023,36.889999,41.279999,35.570999,37.700001,37.700001,29171900
7/17/2023,37.77,39.900002,36.189999,36.529999,36.529999,21073700
7/18/2023,36.599998,42.27,36.32,39.799999,39.799999,38800400
7/19/2023,53.990002,56.919998,47.099998,55.799999,55.799999,119949000
